label,n,stat,dev_from_stratum_mean,se,p,lo,hi,q,bh_sig
Adrian Hill x ARI,8,-2.2089432676740417,-2.0579044117647056,5.8143429562978435,0.6393360663933607,-13.605055462017816,9.187168926669731,0.9653545155994913,False
Adrian Hill x ATL,7,5.224710852082769,4.8589810924369745,6.313086340199877,0.3237676232376762,-7.14893837470899,17.598360078874528,0.9588947488229901,False
Adrian Hill x BAL,6,4.63572806171649,4.220588235294117,4.173061570116476,0.32886711328867113,-3.543472615711803,12.814928739144783,0.9588947488229901,False
Adrian Hill x BUF,6,-0.6383548296367729,-0.581188725490196,5.550512907235389,0.9218078192180782,-11.517360127818137,10.24065046854459,0.9989013946571081,False
Adrian Hill x CAR,8,5.671055786445012,5.217371323529412,6.513210195454006,0.2903709629037096,-7.094836196644839,18.436947769534864,0.9588947488229901,False
Adrian Hill x CHI,9,-0.7197882625272332,-0.6644199346405227,3.592675712817243,0.8640135986401359,-7.761432659649029,6.3218561345945625,0.9989013946571081,False
Adrian Hill x CIN,12,1.659066270739065,1.4874387254901962,2.7896644811176845,0.6864313568643136,-3.8086761122515966,7.126808653729727,0.9703475933398396,False
Adrian Hill x CLE,9,0.3411968954248366,0.31495098039215663,3.212671734213666,0.9443055694430557,-5.955639703633949,6.638033494483622,0.9989013946571081,False
Adrian Hill x DAL,7,7.64330288036267,6.998686974789915,6.917405778169072,0.21197880211978803,-5.91481244484871,21.20141820557405,0.9588947488229901,False
Adrian Hill x DEN,11,1.6742902456866116,1.5168783422459897,4.320960209156664,0.670932906709329,-6.794791764260449,10.143372255633672,0.9676549786881776,False
Adrian Hill x DET,9,-2.6711646196940317,-2.430759803921569,4.507684306189142,0.5577442255774423,-11.50622585982475,6.163896620436686,0.9611659296116594,False
Adrian Hill x GB,3,-6.345822903629537,-5.9650735294117645,7.476753010288948,0.3655634436556344,-21.000258803795873,8.308612996536802,0.9588947488229901,False
Adrian Hill x HOU,5,-9.327614379084967,-8.39485294117647,4.767800494520607,0.1494850514948505,-18.67250334834536,0.017274590175423654,0.9588947488229901,False
Adrian Hill x IND,5,3.0703036053130934,2.8411764705882354,5.479875329704915,0.5373462653734626,-7.67025204090854,13.810859251534726,0.9611659296116594,False
Adrian Hill x JAX,9,-10.205814270152505,-9.420751633986928,3.8805922121396312,0.031796820317968204,-17.81177500594618,-2.599853534358828,0.9373835343738355,False
Adrian Hill x KC,5,2.1562499999999996,2.0294117647058822,3.2106579342640473,0.6784321567843216,-4.136639551157533,8.449139551157533,0.9703475933398396,False
Adrian Hill x LA,5,2.7746031746031754,2.5705882352941183,6.506297635552766,0.6044395560443956,-9.977740191080246,15.526946540286596,0.9620350267812334,False
Adrian Hill x LAC,3,13.069070713391742,12.284926470588237,6.026613620963554,0.0933906609339066,1.2569080163031767,24.881233410480306,0.9588947488229901,False
Adrian Hill x LV,3,2.4375,2.294117647058824,2.4537445236961855,0.7474252574742526,-2.371839266444524,7.246839266444524,0.9794297615093372,False
Adrian Hill x MIA,10,0.25081699346405223,0.22573529411764745,4.602494397094053,0.9638036196380362,-8.77007202484029,9.271706011768396,1.0,False
Adrian Hill x MIN,7,-4.3763130252100835,-4.073004201680672,4.039347329270436,0.31516848315168483,-12.293433790580139,3.5408077401599707,0.9588947488229901,False
Adrian Hill x NE,7,3.5476069417128557,3.301733193277311,2.9353780725110803,0.5106489351064893,-2.205734080408862,9.300947963834574,0.9611659296116594,False
Adrian Hill x NO,7,-1.7005347593582887,-1.558823529411765,4.083835103664483,0.7625237476252374,-9.704851562540675,6.303782043824097,0.9815981943472321,False
Adrian Hill x NYG,9,-5.23544682670576,-4.829248366013071,4.8844602270018775,0.205979402059794,-14.808988871629442,4.33809521821792,0.9588947488229901,False
Adrian Hill x NYJ,6,0.10039470333588013,0.09313725490196074,4.2740995084705,0.9861013898610139,-8.2768403332663,8.47762973993806,1.0,False
Adrian Hill x PHI,10,-0.17728758169934672,-0.1595588235294116,4.022535787063397,0.9604039596040396,-8.061457724343605,7.706882560944911,1.0,False
Adrian Hill x PIT,5,-0.6288934426229508,-0.58125,5.427067212963634,0.9174082591740826,-11.265945180031675,10.008158294785773,0.9989013946571081,False
Adrian Hill x SEA,7,2.355138766032729,2.1565126050420167,4.491024316664605,0.5797420257974203,-6.447268894629897,11.157546426695355,0.9611659296116594,False
Adrian Hill x TB,7,-0.7230710466004583,-0.6628151260504208,3.9907485225825554,0.8694130586941305,-8.544938150862267,7.09879605766135,0.9989013946571081,False
Adrian Hill x TEN,6,-1.1476814516129028,-1.0781249999999998,5.70989657702437,0.8444155584441556,-12.339078742580668,10.043715839354864,0.9989013946571081,False
Adrian Hill x WAS,8,1.2393575851393188,1.1213235294117647,3.242147148979735,0.7863213678632137,-5.1152508268609616,7.593965997139598,0.9960070659600707,False
Alan Eck x BAL,4,16.38031914893617,15.095588235294116,5.800060968850992,0.013298670132986702,5.0121996499882275,27.748438647884115,0.9373835343738355,False
Alan Eck x BUF,6,-5.35,-4.720588235294117,7.222067802421289,0.38576142385761425,-19.505252892745727,8.805252892745727,0.9588947488229901,False
Alan Eck x CHI,3,-5.812500000000001,-5.470588235294119,8.220733514047009,0.44185581441855815,-21.925137687532136,10.300137687532136,0.9588947488229901,False
Alan Eck x DET,3,-1.7916666666666672,-1.6862745098039218,7.453337655532267,0.8249175082491751,-16.40020847150991,12.816875138176576,0.9989013946571081,False
Alan Eck x HOU,4,-0.2712765957446807,-0.25,7.485350806955193,0.9778022197780222,-14.942564177376859,14.400010985887498,1.0,False
Alan Eck x JAX,4,-0.055851063829787155,-0.0514705882352946,4.8899012691453265,1.0,-9.640057551354626,9.528355423695054,1.0,False
Alan Eck x KC,3,6.895833333333332,6.490196078431372,10.22444744596101,0.26577342265773424,-13.144083660750248,26.935750327416912,0.9588947488229901,False
Alan Eck x LAC,5,0.6391304347826086,0.5764705882352945,6.104473625032486,0.9192080791920808,-11.325637870281064,12.60389873984628,0.9989013946571081,False
Alan Eck x LV,4,2.433510638297872,2.2426470588235294,7.509866026613805,0.7041295870412959,-12.285826773865185,17.15284805046093,0.9703475933398396,False
Alan Eck x MIA,3,6.311827956989247,5.754901960784314,4.771813909670282,0.5018498150184981,-3.040927305964506,15.664583219943001,0.9611659296116594,False
Alan Eck x NE,4,2.4255319148936167,2.2352941176470584,6.132501099754671,0.696030396960304,-9.594170240625537,14.44523407041277,0.9703475933398396,False
Alan Eck x NO,6,7.244444444444444,6.392156862745097,7.272003647995137,0.25347465253474655,-7.0086827056260255,21.497571594514913,0.9588947488229901,False
Alan Eck x NYJ,4,-3.3111702127659575,-3.0514705882352944,6.157775254425807,0.5916408359164084,-15.380409711440539,8.758069285908622,0.9614163583641635,False
Alan Eck x PHI,3,-0.5268817204301071,-0.48039215686274533,4.262783147642015,0.9522047795220479,-8.881936689808455,7.828173248948242,1.0,False
Alan Eck x PIT,3,-1.3333333333333333,-1.2156862745098038,7.731643049845637,0.8609139086091391,-16.48735371103078,13.820687044364114,0.9989013946571081,False
Alan Eck x SF,3,2.59375,2.4411764705882355,11.57256169677101,0.7361263873612639,-20.088470925671178,25.275970925671178,0.9794297615093372,False
Alan Eck x TB,4,-5.154255319148935,-4.75,8.802644299121404,0.40885911408859116,-22.407438145426884,12.098927507129016,0.9588947488229901,False
Alan Eck x TEN,3,-0.9354838709677424,-0.8529411764705888,5.534642549098044,0.9028097190280971,-11.783383267199909,9.912415525264425,0.9989013946571081,False
Alan Eck x WAS,3,8.580645161290322,7.823529411764706,3.890272567461821,0.26117388261173885,0.9557109290651526,16.205579393515492,0.9588947488229901,False
Alex Kemp x ARI,9,-7.671619689542484,-7.081495098039216,5.800913699648351,0.10158984101589841,-19.041410540853253,3.6981711617682835,0.9588947488229901,False
Alex Kemp x ATL,9,-4.016254765795206,-3.707312091503268,3.4582010459390666,0.34806519348065196,-10.794328815835776,2.761819284245364,0.9588947488229901,False
Alex Kemp x BAL,6,-1.748320919276801,-1.6219362745098038,5.119536696244348,0.7782221777822218,-11.782612843915722,8.285971005362121,0.992345495527568,False
Alex Kemp x BUF,10,3.798380700594844,3.4147058823529415,4.910949274996577,0.45295470452954706,-5.827079878398447,13.423841279588135,0.9588947488229901,False
Alex Kemp x CAR,9,3.452239923747277,3.186683006535948,3.258715167816161,0.4734526547345265,-2.934841805172398,9.839321652666952,0.9611659296116594,False
Alex Kemp x CHI,7,-2.336210471030518,-2.1391806722689077,3.63122704734461,0.6091390860913909,-9.453415483825953,4.780994541764917,0.9620350267812334,False
Alex Kemp x CIN,8,4.0587741375755915,3.776424632352941,3.1565219711994743,0.38676132386761325,-2.1280089259753785,10.245557201126562,0.9588947488229901,False
Alex Kemp x CLE,6,5.25989819004525,4.88419117647059,5.096278198908399,0.3421657834216578,-4.728807079815212,15.248603459905713,0.9588947488229901,False
Alex Kemp x DAL,5,-6.1937500000000005,-5.829411764705883,8.87444542400445,0.40375962403759624,-23.587663031048724,11.20016303104872,0.9588947488229901,False
Alex Kemp x DEN,7,9.98572777734947,9.38314075630252,5.055858379781739,0.039396060393960604,0.07624535297726176,19.89521020172168,0.9373835343738355,False
Alex Kemp x DET,9,3.41117216117216,3.104166666666667,4.985117339559342,0.46785321467853214,-6.359657824364151,13.182002146708472,0.9611659296116594,False
Alex Kemp x GB,13,-3.3792255844645545,-3.048925339366515,3.8585799728887147,0.33156684331566844,-10.942042331326435,4.183591162397326,0.9588947488229901,False
Alex Kemp x HOU,9,-3.384456369913557,-3.1554330065359473,4.551607615958101,0.41415858414158585,-12.305607297191436,5.536694557364322,0.9588947488229901,False
Alex Kemp x IND,10,-1.489968914395026,-1.3779411764705887,4.552629932671158,0.7096290370962903,-10.413123582430496,7.433185753640442,0.9703475933398396,False
Alex Kemp x JAX,9,3.3136958412397215,3.0894607843137254,4.1698959832651665,0.4861513848615138,-4.859300285960004,11.486691968439448,0.9611659296116594,False
Alex Kemp x KC,6,1.2655793700458904,1.1896446078431373,4.194595149423078,0.7689231076892311,-6.955827122823343,9.486985862915123,0.984062215540104,False
Alex Kemp x LA,4,12.268841911764707,11.525275735294118,6.921428181792021,0.07739226077392261,-1.2971573245476549,25.834841148077068,0.9373835343738355,False
Alex Kemp x LAC,7,3.852952471311106,3.5832457983193287,4.002057993479364,0.41995800419958,-3.991081195908448,11.69698613853066,0.9588947488229901,False
Alex Kemp x LV,4,-11.110569852941177,-10.203584558823529,4.1191779068279,0.104989501049895,-19.18415855032386,-3.036981155558493,0.9588947488229901,False
Alex Kemp x MIA,8,-2.007098974458205,-1.8159466911764701,4.379848488267205,0.6872312768723128,-10.591602011461926,6.577404062545518,0.9703475933398396,False
Alex Kemp x MIN,8,-1.7726067590497738,-1.6293658088235299,6.39328151104698,0.6643335666433356,-14.303438520701855,10.758225002602307,0.9676549786881776,False
Alex Kemp x NE,10,-0.5309107484457194,-0.4909926470588232,5.408735641389649,0.9103089691030897,-11.132032605569432,10.070211108677992,0.9989013946571081,False
Alex Kemp x NO,7,0.7419786096256678,0.6801470588235284,7.599467602373347,0.8954104589541045,-14.152977891026094,15.636935110277427,0.9989013946571081,False
Alex Kemp x NYG,5,-2.6524108003857285,-2.4514705882352943,7.9415714795617465,0.6173382661733826,-18.21789090032675,12.913069299555294,0.9620350267812334,False
Alex Kemp x NYJ,10,1.7042730299667037,1.5573529411764702,3.543105441247464,0.7063293670632936,-5.240213634878326,8.648759694811734,0.9703475933398396,False
Alex Kemp x PHI,8,-1.7298393542199488,-1.5914522058823526,4.921863803910295,0.6847315268473153,-11.376692409884127,7.917013701444229,0.9703475933398396,False
Alex Kemp x PIT,4,-7.837389122315592,-7.369485294117647,6.720336255868223,0.2161783821617838,-21.00924818381731,5.334469939186125,0.9588947488229901,False
Alex Kemp x SEA,8,3.1135777395635675,2.8669577205882346,3.6111163895636533,0.44195580441955806,-3.9642103839811926,10.191365863108327,0.9588947488229901,False
Alex Kemp x SF,10,-1.9445059098405717,-1.7783088235294122,4.612758841981997,0.6581341865813418,-10.985513240125286,7.096501420444142,0.9676549786881776,False
Alex Kemp x TB,10,-1.0271503884572697,-0.9386029411764708,3.8645465496715876,0.8153184681531847,-8.60166162581358,6.547360848899042,0.9989013946571081,False
Alex Kemp x TEN,8,0.4788265931372544,0.4326746323529411,4.572663640174427,0.9301069893010699,-8.483594141604621,9.44124732787913,0.9989013946571081,False
Alex Kemp x WAS,9,-0.7954534972591187,-0.741625816993464,4.143992016442501,0.8538146185381462,-8.91767784948642,7.326770854968182,0.9989013946571081,False
Bill Vinovich x ARI,7,5.5209216714208615,5.187762605042017,3.484093461005287,0.33866613338666135,-1.3079015121495008,12.349744854991224,0.9588947488229901,False
Bill Vinovich x ATL,9,-2.317565359477124,-2.1345996732026142,3.818784305701562,0.5768423157684232,-9.802382598652185,5.167251879697936,0.9611659296116594,False
Bill Vinovich x BAL,11,5.45855142013924,4.945354278074865,3.3183552547647537,0.17888211178882113,-1.0454248791996772,11.962527719478157,0.9588947488229901,False
Bill Vinovich x BUF,10,1.5050038197097022,1.4132352941176471,5.098645554475285,0.7449255074492551,-8.488341467061854,11.49834910648126,0.9794297615093372,False
Bill Vinovich x CAR,12,-4.519468074638615,-4.155484068627452,4.914278655050452,0.23787621237876214,-14.1514542385375,5.11251808926027,0.9588947488229901,False
Bill Vinovich x CHI,5,-5.582473481195757,-5.159558823529412,3.447773947322532,0.30616938306169383,-12.340110417947919,1.1751634555564054,0.9588947488229901,False
Bill Vinovich x CIN,12,-6.009132605247981,-5.521905637254901,4.129328748212219,0.12768723127687232,-14.102616951743931,2.0843517412479695,0.9588947488229901,False
Bill Vinovich x CLE,13,2.6946287434508225,2.4823246606334846,2.6937579620054506,0.43195680431956807,-2.5851368620798603,7.974394348981505,0.9588947488229901,False
Bill Vinovich x DAL,15,2.3696654264115296,2.1732843137254907,4.257586144668789,0.5293470652934706,-5.975203417139296,10.714534269962355,0.9611659296116594,False
Bill Vinovich x DEN,10,-0.007557859209257344,-0.006985294117646745,4.161331876976223,1.0,-8.163768338082653,8.148652619664139,1.0,False
Bill Vinovich x DET,10,-1.7964343602404462,-1.6742279411764707,4.824314503578209,0.6722327767223277,-11.252090787253735,7.659222066772842,0.9676549786881776,False
Bill Vinovich x GB,14,0.8444480356245064,0.7542016806722691,2.7662896641448116,0.8043195680431957,-4.577479706099324,6.266375777348338,0.9989013946571081,False
Bill Vinovich x HOU,13,1.7452651195380562,1.5909219457013573,3.0044090529239194,0.6135386461353864,-4.143376624192825,7.633906863268939,0.9620350267812334,False
Bill Vinovich x IND,10,-2.2050564791133844,-2.0560661764705883,2.7728870893310775,0.5743425657434257,-7.639915174202296,3.2298022159755275,0.9611659296116594,False
Bill Vinovich x JAX,8,-5.843676297169811,-5.43359375,3.8225385167393844,0.2663733626637336,-13.335851789979003,1.6484991956393822,0.9588947488229901,False
Bill Vinovich x KC,11,6.27299688057041,5.7462566844919785,4.488871973046666,0.08249175082491751,-2.525192186601055,15.071185947741876,0.9373835343738355,False
Bill Vinovich x LA,13,-11.945701357466064,-11.004524886877828,2.6680963250709526,0.0008999100089991,-17.17517015460513,-6.716232560326996,0.4445555444455554,False
Bill Vinovich x LAC,10,4.219075458052074,3.899448529411765,4.549026944700398,0.28997100289971,-4.697017353560708,13.135168269664856,0.9588947488229901,False
Bill Vinovich x LV,10,0.5096425155428022,0.4713235294117645,4.086123211640587,0.9038096190380962,-7.499158979272748,8.518444010358353,0.9989013946571081,False
Bill Vinovich x MIA,11,-5.988724189078418,-5.543616310160428,5.461068343180511,0.20207979202079793,-16.692418141712217,4.714969763555382,0.9588947488229901,False
Bill Vinovich x MIN,15,-1.0675122549019607,-0.9704656862745099,2.55244091138335,0.7319268073192681,-6.070296441213326,3.935271931409405,0.9794297615093372,False
Bill Vinovich x NE,13,-0.5557932036798418,-0.5117364253393665,4.136678940208652,0.8885111488851115,-8.663683926488801,7.552097519129117,0.9989013946571081,False
Bill Vinovich x NO,5,0.47441860465116276,0.425,9.2674494579066,0.9428057194280572,-17.689782332845773,18.6386195421481,0.9989013946571081,False
Bill Vinovich x NYG,10,5.748165395787946,5.351740196078431,4.283386006363041,0.11398860113988601,-2.6472711766836143,14.143601968259507,0.9588947488229901,False
Bill Vinovich x NYJ,9,2.2174532155629545,2.04391339869281,5.772842404945362,0.6072392760723928,-9.097317898129955,13.532224329255865,0.9620350267812334,False
Bill Vinovich x PHI,10,4.68746818438914,4.276286764705882,3.6917487414246075,0.20827917208279173,-2.54835934880309,11.923295717581372,0.9588947488229901,False
Bill Vinovich x PIT,13,-1.8648273770540604,-1.7179015837104072,4.6149871203556145,0.5938406159384062,-10.910202132951065,7.1805473788429435,0.9618270959789268,False
Bill Vinovich x SEA,10,1.6923637897782065,1.564154411764706,3.744263420009644,0.6441355864413558,-5.646392513440696,9.031120092997108,0.9653545155994913,False
Bill Vinovich x SF,10,1.010600996596986,0.9334558823529413,5.325026884690138,0.8165183481651834,-9.426451697395684,11.447653690589657,0.9989013946571081,False
Bill Vinovich x TB,10,0.19606300253914502,0.18290441176470554,2.637123787533198,0.9611038896110389,-4.972699621025923,5.3648256261042135,1.0,False
Bill Vinovich x TEN,10,4.50007423642534,4.10533088235294,3.6940323214464224,0.31196880311968805,-2.7402291136096473,11.740377586460328,0.9588947488229901,False
Bill Vinovich x WAS,13,-6.50778552185044,-5.995050904977376,3.843347025072097,0.0674932506749325,-14.04074569099175,1.0251746472908696,0.9373835343738355,False
Brad Allen x ARI,7,-5.618638576926098,-5.273634453781513,8.77405069507785,0.3241675832416758,-22.815777939278686,11.578500785426488,0.9588947488229901,False
Brad Allen x ATL,12,1.9374317741802605,1.759957107843137,3.6922540778902087,0.6294370562943705,-5.299386218484548,9.174249766845069,0.9653545155994913,False
Brad Allen x BAL,16,4.580831522950089,4.175896139705882,2.9578315707644363,0.2176782321767823,-1.2165183557482058,10.378181401648384,0.9588947488229901,False
Brad Allen x BUF,8,-3.6586301678690343,-3.4018841911764706,4.689283979758461,0.48955104489551043,-12.849626768195618,5.5323664324575486,0.9611659296116594,False
Brad Allen x CAR,7,-2.7278699615439392,-2.438550420168067,4.3436366446809425,0.6138386161383862,-11.241397785118586,5.785657862030707,0.9620350267812334,False
Brad Allen x CHI,11,0.12524307243558608,0.11480614973262031,4.724597065856261,0.9712028797120288,-9.134967176642686,9.385453321513857,1.0,False
Brad Allen x CIN,10,-4.848039215686275,-4.426470588235294,3.257257940241077,0.23587641235876414,-11.232264778558786,1.536186347186236,0.9588947488229901,False
Brad Allen x CLE,15,-8.740416666666668,-7.945833333333332,3.3428005014398097,0.0058994100589941,-15.292305649488696,-2.188527683844641,0.9373835343738355,False
Brad Allen x DAL,12,-4.801528731930729,-4.414828431372549,3.9531276240964126,0.2673732626737326,-12.549658875159697,2.94660141129824,0.9588947488229901,False
Brad Allen x DEN,8,6.912881390874107,6.431985294117647,5.7499345930174,0.1444855514448555,-4.356990411439996,18.182753193188212,0.9588947488229901,False
Brad Allen x DET,5,-3.1766875602700098,-2.936029411764706,2.6094249662379685,0.5678432156784322,-8.291160494096427,1.9377853735564083,0.9611659296116594,False
Brad Allen x GB,12,2.942560737798769,2.7055759803921577,3.502435206186165,0.41325867413258677,-3.922212266326115,9.807333741923653,0.9588947488229901,False
Brad Allen x HOU,11,4.749753387674575,4.291443850267379,4.2465015769596235,0.23637636236376364,-3.5733897031662867,13.072896478515437,0.9588947488229901,False
Brad Allen x IND,12,0.4571831380857428,0.4149816176470586,4.263200655328212,0.9118088191180882,-7.898690146357552,8.813056422529037,0.9989013946571081,False
Brad Allen x JAX,13,-2.5021442977494646,-2.3050056561085976,4.523249740423167,0.5434456554344566,-11.367713788978872,6.3634251934799435,0.9611659296116594,False
Brad Allen x KC,10,-2.0438440212150435,-1.8890073529411773,5.249546530769294,0.5895410458954105,-12.33295522152286,8.245267179092773,0.9611659296116594,False
Brad Allen x LA,11,3.5396175515660806,3.303643048128342,3.2808559742933996,0.3775622437756224,-2.8908601580489828,9.970095261181143,0.9588947488229901,False
Brad Allen x LAC,7,5.6439659197012135,5.300420168067227,3.3678120611300755,0.23467653234676533,-0.9569457201137341,12.244877559516162,0.9588947488229901,False
Brad Allen x LV,10,-7.701304554079696,-7.234558823529412,4.076684721765795,0.0527947205279472,-15.691606608740654,0.28899750058126195,0.9373835343738355,False
Brad Allen x MIA,11,2.087469261095281,1.9323195187165774,3.5442925811547163,0.6615338466153384,-4.859344197967963,9.034282720158526,0.9676549786881776,False
Brad Allen x MIN,14,4.953808244854828,4.570640756302521,3.1167651363101845,0.15178482151784822,-1.1550514223131332,11.062667912022789,0.9588947488229901,False
Brad Allen x NE,10,-4.7813352514919005,-4.458272058823529,3.9806188837903718,0.28687131286871315,-12.583348263721028,3.020677760737228,0.9588947488229901,False
Brad Allen x NO,10,-3.680000597800096,-3.403308823529412,4.873326016850571,0.40915908409159085,-13.231719590827215,5.871718395227024,0.9588947488229901,False
Brad Allen x NYG,13,2.305057219829545,2.1376508295625944,2.4136606920636177,0.48935106489351066,-2.425717736615146,7.035832176274235,0.9611659296116594,False
Brad Allen x NYJ,9,-1.7931139122315587,-1.6515522875816993,4.812940928261272,0.7051294870512949,-11.22647813162365,7.640250307160534,0.9703475933398396,False
Brad Allen x PHI,11,0.7795288652952885,0.7215909090909088,5.3809721320257795,0.8469153084691531,-9.767176513475238,11.326234244065816,0.9989013946571081,False
Brad Allen x PIT,9,-1.2633930924520347,-1.1779003267973858,4.965119084540553,0.763023697630237,-10.995026498151518,8.468240313247449,0.9815981943472321,False
Brad Allen x SEA,12,0.36328528121775017,0.33670343137254904,4.111481312420797,0.916008399160084,-7.695218091127013,8.421788653562514,0.9989013946571081,False
Brad Allen x SF,11,4.670179221092312,4.283923796791444,4.0873396529694945,0.24937506249375063,-3.3410064987278982,12.681364940912522,0.9588947488229901,False
Brad Allen x TB,11,3.292688044029821,3.0479612299465244,4.808048125522722,0.4076592340765923,-6.131086281994714,12.716462370054357,0.9588947488229901,False
Brad Allen x TEN,10,1.5451704545454545,1.3875,6.1155465014199,0.7328267173282672,-10.44130068823755,13.53164159732846,0.9794297615093372,False
Brad Allen x WAS,10,-2.597317984570878,-2.4005514705882356,4.651811977843912,0.5318468153184681,-11.714869461144946,6.5202334920031895,0.9611659296116594,False
Brad Rogers x ATL,6,3.8926282051282044,3.6145833333333326,4.3358018560534175,0.4540545945405459,-4.605543432736495,12.390799842992903,0.9588947488229901,False
Brad Rogers x BAL,4,8.484375,7.985294117647058,5.881598704590997,0.20457954204579543,-3.043558460998355,20.012308460998355,0.9588947488229901,False
Brad Rogers x CAR,7,-2.121084797555385,-1.9443277310924363,3.281188892321279,0.6665333466653335,-8.552215026505092,4.310045431394322,0.9676549786881776,False
Brad Rogers x CHI,7,-2.463369963369963,-2.2605042016806722,2.8061045289286843,0.5887411258874112,-7.963334840070184,3.036594913330258,0.9611659296116594,False
Brad Rogers x CIN,5,7.31342504743833,6.767647058823529,3.2492249808593483,0.20527947205279473,0.9449440849540078,13.681906009922653,0.9588947488229901,False
Brad Rogers x CLE,5,-0.9065217391304353,-0.8176470588235294,3.039844473239611,0.8804119588041196,-6.864616906680073,5.051573428419202,0.9989013946571081,False
Brad Rogers x DAL,7,4.984087251922045,4.6386554621848735,2.3782276116466834,0.41535846415358463,0.322761133094545,9.645413370749544,0.9588947488229901,False
Brad Rogers x DEN,6,-3.382871417797888,-3.141237745098039,4.397847238895321,0.5154484551544846,-12.002652006032717,5.23690917043694,0.9611659296116594,False
Brad Rogers x DET,8,1.2662337662337662,1.1470588235294117,4.980977370262325,0.7946205379462054,-8.496481879480392,11.028949411947924,0.9989013946571081,False
Brad Rogers x GB,6,0.6192967571644039,0.5750612745098037,3.0076512756375458,0.9008099190080991,-5.275699743085186,6.514293257413993,0.9989013946571081,False
Brad Rogers x HOU,5,-2.593548387096775,-2.400000000000001,5.076002434882604,0.6320367963203679,-12.542513159466678,7.355416385273129,0.9653545155994913,False
Brad Rogers x IND,5,9.726984126984126,9.011764705882353,7.314499639545002,0.08349165083491651,-4.609435166524078,24.063403420492328,0.9373835343738355,False
Brad Rogers x JAX,6,6.043010752688171,5.509803921568626,3.7644744308055738,0.3243675632436756,-1.335359131690753,13.421380637067095,0.9588947488229901,False
Brad Rogers x KC,5,3.1539091586001495,2.966176470588236,5.292814693715503,0.5368463153684632,-7.220007641082236,13.527825958282534,0.9611659296116594,False
Brad Rogers x LA,6,-3.1276371308016886,-2.90686274509804,4.10587160653109,0.5268473152684732,-11.175145479602623,4.919871217999247,0.9611659296116594,False
Brad Rogers x LAC,4,9.535750758636787,8.966452205882353,3.6684913580074174,0.13988601139886012,2.3455076969422493,16.725993820331325,0.9588947488229901,False
Brad Rogers x LV,6,0.3187217194570131,0.29595588235294085,3.5092974760677333,0.9564043595640436,-6.559501333635744,7.19694477254977,1.0,False
Brad Rogers x MIN,7,-2.687863177185768,-2.501575630252101,4.62107627674618,0.5358464153584641,-11.745172679608281,6.369446325236744,0.9611659296116594,False
Brad Rogers x NE,5,7.948492181682799,7.475367647058823,6.3016891498567995,0.21927807219278073,-4.4028185520365275,20.299802915402125,0.9588947488229901,False
Brad Rogers x NO,10,-7.938978668390433,-7.152941176470589,2.9287948051654005,0.08639136086391361,-13.679416486514619,-2.198540850266249,0.9479647779902862,False
Brad Rogers x NYG,7,-5.051052679136171,-4.697478991596639,5.425470409887982,0.3203679632036796,-15.684974682516614,5.582869324244274,0.9588947488229901,False
Brad Rogers x NYJ,6,-8.426438338493291,-7.925857843137254,6.235392797308548,0.09709029097090291,-20.647808221218046,3.7949315442314635,0.9588947488229901,False
Brad Rogers x PHI,5,-4.240340370018976,-3.92389705882353,5.808511771591797,0.43085691430856915,-15.625023442338897,7.144342702300945,0.9588947488229901,False
Brad Rogers x PIT,7,2.106227106227106,1.9327731092436975,3.7381236541390974,0.6413358664133587,-5.220495255885525,9.432949468339736,0.9653545155994913,False
Brad Rogers x SEA,4,5.297872340425531,4.88235294117647,7.117646887388575,0.36236376362363765,-8.652715558856075,19.248460239707136,0.9588947488229901,False
Brad Rogers x SF,7,-1.940701546576077,-1.8061974789915964,2.559344699335849,0.6944305569443056,-6.957017157274342,3.075614064122187,0.9703475933398396,False
Brad Rogers x TB,6,-4.768288084464555,-4.4276960784313735,5.156980743276027,0.37706229377062295,-14.87597034128557,5.3393941723564575,0.9588947488229901,False
Brad Rogers x TEN,9,-2.2093464052287577,-1.9726307189542485,4.394071199897723,0.6220377962203779,-10.821725957028294,6.403033146570779,0.9645929157084291,False
Brad Rogers x WAS,7,6.810231539424281,6.338235294117648,3.9364218988481614,0.1700829917008299,-0.9051553823181147,14.525618461166676,0.9588947488229901,False
Carl Cheffers x ARI,15,-0.292120098039216,-0.265563725490196,3.278078549669379,0.9346065393460654,-6.7171540553912,6.132913859312767,0.9989013946571081,False
Carl Cheffers x ATL,11,4.196507110749438,3.8866978609625664,3.463938414834216,0.29287071292870714,-2.592812182325626,10.9858264038245,0.9588947488229901,False
Carl Cheffers x BAL,9,4.3009651102647295,4.039419934640523,4.623623849026263,0.34636536346365365,-4.761337633826746,13.363267854356206,0.9588947488229901,False
Carl Cheffers x BUF,11,1.9334029634581102,1.7710561497326203,4.963749469035087,0.6417358264173583,-7.795545995850659,11.66235192276688,0.9653545155994913,False
Carl Cheffers x CAR,12,-3.731557574009996,-3.4601715686274503,3.536511325884107,0.3467653234676532,-10.663119772742846,3.200004624722854,0.9588947488229901,False
Carl Cheffers x CHI,12,-3.6216719530949635,-3.3280228758169934,2.8521338320210243,0.30486951304869514,-9.211854263856171,1.968510357666244,0.9588947488229901,False
Carl Cheffers x CIN,10,1.2666836625161015,1.180514705882353,2.163633431892269,0.7478252174782521,-2.9740378639927454,5.507405189024949,0.9794297615093372,False
Carl Cheffers x CLE,8,0.7240843183067622,0.673713235294118,4.464953864605337,0.8696130386961304,-8.0272252563197,9.475393892933223,0.9989013946571081,False
Carl Cheffers x DAL,9,-2.868524820396478,-2.6699346405228757,4.72276159872094,0.5418458154184581,-12.12513755388952,6.388087913096562,0.9611659296116594,False
Carl Cheffers x DEN,12,-1.5892325067281812,-1.473651960784314,3.1835966331613257,0.6888311168883112,-7.82908190772438,4.650616894268017,0.9703475933398396,False
Carl Cheffers x DET,10,0.3302969457013575,0.3013235294117649,3.2783586627230252,0.9317068293170683,-6.095286033235771,6.755879924638487,0.9989013946571081,False
Carl Cheffers x GB,14,-2.0986443604387865,-1.9363182773109244,4.340022852760841,0.526047395260474,-10.605089151850034,6.407800430972461,0.9611659296116594,False
Carl Cheffers x HOU,12,-5.977086911406898,-5.495710784313725,3.3671879495223034,0.10778922107789221,-12.576775292470613,0.6226014696568161,0.9588947488229901,False
Carl Cheffers x IND,13,-4.874376164492946,-4.449095022624435,3.629128469895807,0.1650834916508349,-11.987467965488728,2.2387156365028353,0.9588947488229901,False
Carl Cheffers x JAX,9,9.245479749276761,8.610294117647058,5.838588971728188,0.05069493050694931,-2.1981546353104875,20.68911413386401,0.9373835343738355,False
Carl Cheffers x KC,17,-1.7800778016006116,-1.6119593425605543,2.652215426289638,0.533946605339466,-6.978420037128302,3.4182644339270785,0.9611659296116594,False
Carl Cheffers x LA,7,-2.1652024446142097,-1.9847689075630257,4.027442195634426,0.6484351564843516,-10.058989148057684,5.728584258829265,0.9653545155994913,False
Carl Cheffers x LAC,11,-4.012663577231592,-3.6288435828877,5.475729933874865,0.27817218278172184,-14.745094247626326,6.719767093163142,0.9588947488229901,False
Carl Cheffers x LV,9,1.4236609277857486,1.326593137254902,4.573505438969547,0.7479252074792521,-7.540409732594563,10.38773158816606,0.9794297615093372,False
Carl Cheffers x MIA,6,0.9777593729799616,0.917279411764706,8.061370478581896,0.8723127687231277,-14.822526765040553,16.778045511000478,0.9989013946571081,False
Carl Cheffers x MIN,9,-2.898771874341135,-2.702614379084968,3.296296603028094,0.45455454454554545,-9.359513216276198,3.561969467593929,0.9588947488229901,False
Carl Cheffers x NE,10,0.7178015771526003,0.6693014705882352,6.4638434855839195,0.8789121087891211,-11.95133165459188,13.386934808897083,0.9989013946571081,False
Carl Cheffers x NO,12,7.875702854671281,7.2371323529411775,4.624932220898873,0.058994100589941006,-1.1891642982905095,16.94057000763307,0.9373835343738355,False
Carl Cheffers x NYG,11,1.9053279527299147,1.761775846702318,4.095228560286864,0.6100389961003899,-6.121320025432338,9.931975930892166,0.9620350267812334,False
Carl Cheffers x NYJ,8,0.16027650838372717,0.14912683823529416,2.3646205747470046,0.9782021797820218,-4.474379818120402,4.794932834887856,1.0,False
Carl Cheffers x PHI,9,-9.651960784313724,-8.993872549019606,5.351529322493805,0.024897510248975102,-20.140958256401582,0.837036687774134,0.9373835343738355,False
Carl Cheffers x PIT,10,2.6325216972034715,2.433088235294117,2.8542954792189956,0.5024497550244975,-2.9618974420657596,8.226940836472703,0.9611659296116594,False
Carl Cheffers x SEA,17,3.1045169951050724,2.812932525951557,1.6444849721698087,0.29427057294270575,-0.11867355034775251,6.327707540557897,0.9588947488229901,False
Carl Cheffers x SF,12,2.227329549520538,2.0479473039215685,4.943311910698639,0.5787421257874212,-7.461561795448793,11.91622089448987,0.9611659296116594,False
Carl Cheffers x TB,9,3.9517033432077873,3.711397058823529,3.3053744425099407,0.34136586341365865,-2.526830564111697,10.430237250527272,0.9588947488229901,False
Carl Cheffers x TEN,9,0.10702614379084974,0.09967320261437942,5.182767449322805,0.9848015198480152,-10.051198056881848,10.265250344463546,1.0,False
Carl Cheffers x WAS,9,0.33551587301587305,0.3090277777777778,4.455642910389978,0.9407059294070593,-8.397544231348482,9.06857597738023,0.9989013946571081,False
Clay Martin x ARI,6,-8.557645173453997,-7.9463848039215685,3.464598279447502,0.15098490150984903,-15.348257801171101,-1.7670325457368925,0.9588947488229901,False
Clay Martin x ATL,7,-1.0930906937242975,-1.0173319327731087,4.116455218128084,0.8338166183381662,-9.161342921255342,6.975161533806746,0.9989013946571081,False
Clay Martin x BAL,6,-10.489595269926152,-9.731311274509805,2.876315415649115,0.059194080591940805,-16.127173484598416,-4.852017055253887,0.9373835343738355,False
Clay Martin x BUF,4,-2.5165365838958538,-2.3616727941176467,2.6470683742964796,0.7389261073892611,-7.704790597516953,2.6717174297252457,0.9794297615093372,False
Clay Martin x CAR,10,-1.08340777899945,-0.9908088235294116,3.318240762958977,0.8124187581241876,-7.587159674399045,5.420344116400145,0.9989013946571081,False
Clay Martin x CHI,8,4.6093250479539645,4.240579044117647,4.993984290333177,0.2967703229677032,-5.178884161099063,14.397534257006992,0.9588947488229901,False
Clay Martin x CIN,5,10.481159594985536,9.687132352941177,3.5294331679827033,0.11358864113588642,3.563470585739438,17.398848604231635,0.9588947488229901,False
Clay Martin x CLE,6,3.9359761996904026,3.647977941176471,3.870384985345684,0.4510548945105489,-3.6499783715871383,11.521930770967943,0.9588947488229901,False
Clay Martin x DAL,8,1.0804908769063184,1.0059742647058827,6.473305485610747,0.8538146185381462,-11.607187874890744,13.768169628703383,0.9989013946571081,False
Clay Martin x DEN,7,-9.027118912080962,-8.395220588235293,6.168881057163335,0.07729227077292271,-21.118125784121098,3.0638879599591746,0.9373835343738355,False
Clay Martin x DET,10,-2.1398811159978006,-1.9569852941176475,3.759653917691814,0.6248375162483751,-9.508802794673755,5.229040562678154,0.9645929157084291,False
Clay Martin x GB,10,2.8823424796747967,2.665625,4.0968253649163415,0.45615438456154384,-5.1474352355612325,10.912120194910827,0.9588947488229901,False
Clay Martin x HOU,9,2.9318518738140416,2.7334558823529407,3.561155063982613,0.4864513548645136,-4.048012051591879,9.911715799219962,0.9611659296116594,False
Clay Martin x IND,8,-8.98845996732026,-8.368566176470589,4.841119874557871,0.044995500449955005,-18.477054921453686,0.5001349868131673,0.9373835343738355,False
Clay Martin x JAX,9,10.60453027364792,9.650122549019608,4.5705000489413985,0.026297370262973702,1.6463501777227805,19.56271036957306,0.9373835343738355,False
Clay Martin x KC,6,2.6839070855614975,2.4898897058823533,4.82754283040951,0.5557444255574443,-6.778076862041143,12.145891033164137,0.9611659296116594,False
Clay Martin x LA,6,5.65928270042194,5.2598039215686265,3.1245576653676608,0.24767523247675233,-0.4648503236986752,11.783415724542555,0.9588947488229901,False
Clay Martin x LAC,10,-2.0464553274139847,-1.8700367647058815,3.7718459284687045,0.6234376562343765,-9.439273347212644,5.346362692384676,0.9645929157084291,False
Clay Martin x LV,9,-1.3245166122004357,-1.2226307189542485,4.576285538489972,0.7686231376862314,-10.29403626764078,7.64500304323991,0.984062215540104,False
Clay Martin x MIA,11,1.3538133435192263,1.2254344919786104,5.788902669985444,0.78002199780022,-9.992435889652244,12.700062576690696,0.992345495527568,False
Clay Martin x MIN,11,-5.052014491474121,-4.577038770053477,4.626207779871008,0.15008499150084992,-14.119381740021296,4.015352757073054,0.9588947488229901,False
Clay Martin x NE,7,3.7830778693056173,3.4640231092436977,5.299085160136068,0.47995200479952005,-6.603129044561075,14.169284783172309,0.9611659296116594,False
Clay Martin x NO,5,3.072596153846154,2.8874999999999997,4.4832342689595235,0.5849415058494151,-5.714543013314511,11.85973532100682,0.9611659296116594,False
Clay Martin x NYG,9,-0.9701219324207676,-0.8941993464052287,4.411488024111687,0.7996200379962004,-9.616638459679674,7.676394594838139,0.9989013946571081,False
Clay Martin x NYJ,7,-0.35211665311285856,-0.3274684873949583,4.681603982232529,0.9421057894210579,-9.528060458288616,8.823827152062899,0.9989013946571081,False
Clay Martin x PHI,9,3.4871527777777778,3.170138888888889,3.2675543270748655,0.40575942405759424,-2.9172537032889587,9.891559258844515,0.9588947488229901,False
Clay Martin x PIT,5,-2.6664370811615785,-2.507720588235294,3.8811489656452083,0.6082391760823918,-10.273489053826186,4.94061489150303,0.9620350267812334,False
Clay Martin x SEA,7,0.4349816849816854,0.3991596638655463,4.048453959329601,0.9219078092190781,-7.499988075304333,8.369951445267704,0.9989013946571081,False
Clay Martin x SF,8,-1.6723945012787724,-1.5386029411764708,5.053556272447767,0.7346265373462654,-11.577364795276395,8.232575792718851,0.9794297615093372,False
Clay Martin x TB,7,1.6844995977114245,1.5677521008403354,5.2915651068788,0.720927907209279,-8.686968011771024,12.055967207193872,0.9784021597840216,False
Clay Martin x TEN,5,-4.195805207328833,-3.8779411764705882,5.2538704534727785,0.45255474452554745,-14.49339129613548,6.101780881477813,0.9588947488229901,False
Clay Martin x WAS,9,8.66714006474864,7.99468954248366,2.960775744865181,0.04229577042295771,2.864019604812885,14.470260524684395,0.9373835343738355,False
Clete Blakeman x ARI,11,5.659817484305975,5.241978609625669,3.874562285308402,0.1815818418158184,-1.9343245948984924,13.253959563510442,0.9588947488229901,False
Clete Blakeman x ATL,12,2.488311887254902,2.2621017156862746,2.8897221998986713,0.512048795120488,-3.175543624546494,8.152167399056298,0.9611659296116594,False
Clete Blakeman x BAL,10,2.028688524590164,1.8749999999999996,4.130982147887295,0.6496350364963503,-6.068036485268934,10.125413534449262,0.9653545155994913,False
Clete Blakeman x BUF,13,-1.6640009289502862,-1.5320984162895925,3.2584313140144836,0.6713328667133287,-8.050526304418675,4.7225244465181015,0.9676549786881776,False
Clete Blakeman x CAR,9,0.012640056022408933,0.011642156862745365,3.143885602631777,1.0,-6.149375725135873,6.174655837180691,1.0,False
Clete Blakeman x CHI,10,0.6966871252633287,0.6435049019607844,2.7107963847642766,0.8679132086791321,-4.616473788874654,6.0098480394013105,0.9989013946571081,False
Clete Blakeman x CIN,12,1.2549704914860684,1.1631433823529416,2.7563356151463947,0.7514248575142486,-4.147447314200866,6.657388297173002,0.9794297615093372,False
Clete Blakeman x CLE,9,2.144689877317047,1.9973447712418302,4.22934053213057,0.5672432756724327,-6.144817565658871,10.434197320292965,0.9611659296116594,False
Clete Blakeman x DAL,10,-4.0902255373303165,-3.7314338235294118,4.717360493029832,0.39946005399460055,-13.336252103668787,5.155801029008155,0.9588947488229901,False
Clete Blakeman x DEN,8,-4.391862843927893,-4.125689338235294,4.6822647919919556,0.3428657134286571,-13.569101836232125,4.78537614837634,0.9588947488229901,False
Clete Blakeman x DET,14,4.279288371975297,3.946454831932774,2.8027358479893767,0.22927707229277072,-1.2140738900838812,9.772650634034475,0.9588947488229901,False
Clete Blakeman x GB,9,0.6089273715716819,0.5616830065359478,4.289586755580134,0.8777122287771223,-7.798662669365381,9.016517412508744,0.9989013946571081,False
Clete Blakeman x HOU,12,2.590893526528258,2.3808210784313726,3.0393789189040814,0.5273472652734726,-3.366289154523741,8.548076207580257,0.9611659296116594,False
Clete Blakeman x IND,10,5.173514093137255,4.775551470588235,2.8165041893587217,0.20887911208879112,-0.3468341180058392,10.69386230428035,0.9588947488229901,False
Clete Blakeman x JAX,8,-5.391691523307436,-5.013327205882352,3.705209472241889,0.275972402759724,-12.653902088901539,1.8705190422866664,0.9588947488229901,False
Clete Blakeman x KC,14,-3.290131578947368,-2.976785714285714,3.135928065050768,0.2736726327367263,-9.436550586446874,2.856287428552138,0.9588947488229901,False
Clete Blakeman x LA,12,-3.5095275855440216,-3.2542892156862746,3.329345644422883,0.3681631836816318,-10.035045048612872,3.015989877524829,0.9588947488229901,False
Clete Blakeman x LAC,14,-0.5435914643635236,-0.49251575630252115,3.3905173108082987,0.8737126287371263,-7.189005393547789,6.101822464820741,0.9989013946571081,False
Clete Blakeman x LV,14,-1.4129366298758306,-1.2792804621848737,3.907062704627952,0.6845315468453155,-9.070779530946616,6.244906271194955,0.9703475933398396,False
Clete Blakeman x MIA,5,-9.743580316742081,-9.156617647058823,8.334744167980988,0.13878612138786123,-26.07967888598482,6.592518252500655,0.9588947488229901,False
Clete Blakeman x MIN,14,-1.8965806471842468,-1.7171743697478992,3.281695778068539,0.5862413758624138,-8.328704372198583,4.53554307783009,0.9611659296116594,False
Clete Blakeman x NE,9,1.0208660901467506,0.9409722222222222,5.259622185843645,0.8349165083491651,-9.287993394106794,11.329725574400294,0.9989013946571081,False
Clete Blakeman x NO,10,-1.3677233629300778,-1.249816176470589,4.212184685751362,0.7571242875712428,-9.623605347002748,6.888158621142591,0.9815981943472321,False
Clete Blakeman x NYG,6,1.0936101342711,1.0266544117647058,6.570968918847094,0.8128187181281872,-11.785488946669204,13.972709215211403,0.9989013946571081,False
Clete Blakeman x NYJ,12,4.486525615148019,4.160232843137254,4.150629707278683,0.24227577242275772,-3.6487086111181997,12.621759841414239,0.9588947488229901,False
Clete Blakeman x PHI,9,-2.4114174836601308,-2.1921977124183005,4.296717496248582,0.6007399260073992,-10.832983776307351,6.01014880898709,0.9620350267812334,False
Clete Blakeman x PIT,13,-6.080010893246188,-5.545955882352942,2.834817131185391,0.0638936106389361,-11.636252470369556,-0.523769316122821,0.9373835343738355,False
Clete Blakeman x SEA,12,-1.1780572402318592,-1.0831801470588236,2.778865017313412,0.7130286971302869,-6.624632674166147,4.268518193702429,0.9703475933398396,False
Clete Blakeman x SF,9,-7.118363854975952,-6.561274509803921,3.4647016589855735,0.11798820117988201,-13.909179106587676,-0.3275486033642281,0.9588947488229901,False
Clete Blakeman x TB,9,-3.2273150693299124,-2.9769199346405237,3.402548179776162,0.4487551244875512,-9.896309501691189,3.4416793630313647,0.9588947488229901,False
Clete Blakeman x TEN,15,4.952005347593583,4.539338235294118,3.1499755082996503,0.16628337166283372,-1.2219466486737316,11.125957343860897,0.9588947488229901,False
Clete Blakeman x WAS,8,2.689282684227537,2.4719669117647056,3.995674822029081,0.573042695730427,-5.142239966949461,10.520805335404535,0.9611659296116594,False
Craig Wrolstad x ARI,12,-5.202124783737024,-4.780330882352942,4.896440344778878,0.19258074192580743,-14.799147859503623,4.394898292029576,0.9588947488229901,False
Craig Wrolstad x ATL,14,-3.0341897612338355,-2.7995010504201687,4.080588668830343,0.384961503849615,-11.032143552141306,4.963764029673636,0.9588947488229901,False
Craig Wrolstad x BAL,8,2.5399667931688805,2.3860294117647056,6.227664026998687,0.5840415958404159,-9.666254699748546,14.746188286086305,0.9611659296116594,False
Craig Wrolstad x BUF,11,4.208765859284891,3.926470588235294,4.642025484816696,0.34206579342065796,-4.889604090955834,13.307135809525615,0.9588947488229901,False
Craig Wrolstad x CAR,10,8.161891272902604,7.543566176470589,5.719452306507056,0.055894410558944105,-3.048235247851224,19.372017793656433,0.9373835343738355,False
Craig Wrolstad x CHI,13,-1.9516566113624938,-1.796003016591252,2.916463644704647,0.5617438256174383,-7.667925354983601,3.7646121322586135,0.9611659296116594,False
Craig Wrolstad x CIN,10,0.38423380221653913,0.3582720588235297,4.757611604442895,0.9324067593240676,-8.940684942491535,9.709152546924612,0.9989013946571081,False
Craig Wrolstad x CLE,6,5.259178139340843,4.943627450980393,3.9376341082423623,0.28247175282471754,-2.4585847128141864,12.976940991495873,0.9588947488229901,False
Craig Wrolstad x DAL,11,4.370312254246618,4.043282085561498,4.796839876247991,0.32896710328967105,-5.031493903199444,13.77211841169268,0.9588947488229901,False
Craig Wrolstad x DEN,14,-3.52402049891813,-3.2514443277310923,2.365640903623215,0.29827017298270175,-8.160676670019631,1.1126356721833712,0.9588947488229901,False
Craig Wrolstad x DET,8,-5.419035671701113,-4.890349264705883,4.485425015747819,0.2156784321567843,-14.210468702566839,3.372397359164612,0.9588947488229901,False
Craig Wrolstad x GB,10,7.060050996204934,6.632169117647058,2.958203474741583,0.06189381061893811,1.2619721857114312,12.858129806698436,0.9373835343738355,False
Craig Wrolstad x HOU,7,3.0374177631578947,2.78125,3.6101560915533395,0.47455254474552544,-4.03848817628665,10.11332370260244,0.9611659296116594,False
Craig Wrolstad x IND,15,1.1845220588235295,1.0768382352941175,2.8569756283329575,0.7330266973302669,-4.415150172709067,6.784194290356126,0.9794297615093372,False
Craig Wrolstad x JAX,8,12.081475332068312,11.349264705882353,4.170338323589682,0.015898410158984102,3.9076122178325345,20.255338446304087,0.9373835343738355,False
Craig Wrolstad x KC,10,0.008840830449826953,0.008235294117647207,3.694391503367689,1.0,-7.232166516150842,7.249848177050497,1.0,False
Craig Wrolstad x LA,13,-5.275236176201249,-4.8963518099547505,4.531856311443969,0.1650834916508349,-14.157674546631426,3.607202194228929,0.9588947488229901,False
Craig Wrolstad x LAC,13,-2.9785970245891886,-2.7439196832579187,4.4667049743727985,0.396960303969603,-11.733338774359874,5.7761447251814975,0.9588947488229901,False
Craig Wrolstad x LV,12,-1.2263724148418496,-1.127604166666667,3.493758689416164,0.7510248975102489,-8.074139446097531,5.6213946164138315,0.9794297615093372,False
Craig Wrolstad x MIA,12,-3.290732230392157,-2.9915747549019613,3.4267232216846173,0.44655534446555345,-10.007109744894006,3.4256452841096925,0.9588947488229901,False
Craig Wrolstad x MIN,9,-3.8375710097122964,-3.539828431372549,2.9361229683828656,0.2987701229877012,-9.592372027742712,1.9172300083181204,0.9588947488229901,False
Craig Wrolstad x NE,12,3.9342225860932607,3.5738357843137254,3.103368795163994,0.3334666533346665,-2.148380252428167,10.016825424614689,0.9588947488229901,False
Craig Wrolstad x NO,9,0.6517680105750163,0.5919117647058824,3.293524233564244,0.9026097390260974,-5.8035394872109025,7.107075508360935,0.9989013946571081,False
Craig Wrolstad x NYG,14,5.581281459553518,5.144756652661064,2.810832847294733,0.0756924307569243,0.07204907885584078,11.090513840251194,0.9373835343738355,False
Craig Wrolstad x NYJ,13,-0.49870970022624433,-0.45941742081447984,3.0598235210113445,0.8958104189581042,-6.495963801408479,5.498544400955991,0.9989013946571081,False
Craig Wrolstad x PHI,12,0.3927051083591329,0.36397058823529393,2.7593286149902734,0.9156084391560844,-5.015578977021803,5.800989193740068,0.9989013946571081,False
Craig Wrolstad x PIT,12,4.164407490937552,3.782935049019608,4.1874692567646274,0.27087291270872915,-4.043032252321118,12.37184723419622,0.9588947488229901,False
Craig Wrolstad x SEA,7,-5.713239670868347,-5.1163340336134455,3.513985037775355,0.16768323167683233,-12.600650344908043,1.1741710031713488,0.9588947488229901,False
Craig Wrolstad x SF,12,-6.366842079969242,-5.903799019607843,3.4925121214454466,0.09019098090190981,-13.212165838002317,0.478481678063833,0.9479647779902862,False
Craig Wrolstad x TB,7,-3.904908737688624,-3.6315651260504205,4.632750633881942,0.3752624737526247,-12.98509998009723,5.175282504719982,0.9588947488229901,False
Craig Wrolstad x TEN,11,-0.8269246837721104,-0.7478275401069517,3.207355928328451,0.8372162783721628,-7.113342303295874,5.459492935751654,0.9989013946571081,False
Craig Wrolstad x WAS,9,-3.04531423418424,-2.8069852941176467,5.946978011605569,0.49355064493550643,-14.701391136931154,8.610762668562675,0.9611659296116594,False
John Hussey x ARI,10,7.684552796528449,7.102389705882354,4.536056174917744,0.0663933606639336,-1.206117306310329,16.575222899367226,0.9373835343738355,False
John Hussey x ATL,10,-8.61516393442623,-7.9625,4.214505635440384,0.024997500249975,-16.87559497988938,-0.35473288896307764,0.9373835343738355,False
John Hussey x BAL,8,-4.29073390914585,-3.8669577205882355,3.683883676495548,0.43555644435556445,-11.511145915077122,2.929678096785424,0.9588947488229901,False
John Hussey x BUF,11,-1.194010416666667,-1.0937499999999993,4.4523836608394,0.7814218578142186,-9.920682391911892,7.532661558578558,0.992345495527568,False
John Hussey x CAR,8,-8.675270629084967,-8.076976102941178,4.203187204738616,0.05269473052694731,-16.913517550372653,-0.4370237077972785,0.9373835343738355,False
John Hussey x CHI,11,-4.12742681464297,-3.8185717468805707,1.9849567966530723,0.2566743325667433,-8.017942136082992,-0.2369114932029479,0.9588947488229901,False
John Hussey x CIN,11,5.776687588471217,5.344418449197861,3.874925926907569,0.14438556144385561,-1.818167228267618,13.371542405210054,0.9588947488229901,False
John Hussey x CLE,11,-2.7267258142926587,-2.499498663101604,4.77580203981367,0.43995600439956006,-12.087297812327451,6.6338461837421345,0.9588947488229901,False
John Hussey x DAL,12,-2.2683141459138403,-2.0856311274509807,4.533001808626579,0.6154384561543845,-11.152997690821934,6.616369398994254,0.9620350267812334,False
John Hussey x DEN,8,-4.76361506140918,-4.3786764705882355,3.95303324740301,0.34336566343365665,-12.51156022631908,2.98433010350072,0.9588947488229901,False
John Hussey x DET,13,3.3557331992626107,3.0609728506787333,3.5702741640526057,0.36996300369963003,-3.6420041622804966,10.353470560805718,0.9588947488229901,False
John Hussey x GB,9,-0.939768496196293,-0.8752042483660131,3.1633404906769824,0.825017498250175,-7.139915857923178,5.260378865530592,0.9989013946571081,False
John Hussey x HOU,9,0.2140561413244541,0.19730392156862758,3.952342147604113,0.9625037496250375,-7.532534467979608,7.9606467506285155,1.0,False
John Hussey x IND,9,-5.3099661641386104,-4.894403594771242,5.0629879207325965,0.20637936206379362,-15.233422488774501,4.613490160497279,0.9588947488229901,False
John Hussey x JAX,6,5.6396816950464395,5.227022058823529,4.463262060392606,0.282971702829717,-3.108311943323068,14.387675333415947,0.9588947488229901,False
John Hussey x KC,12,0.5669535834406756,0.5212928921568628,2.638121286073808,0.861013898610139,-4.603764137263989,5.737671304145339,0.9989013946571081,False
John Hussey x LA,16,-3.060569236083695,-2.7637867647058822,3.2128870627869546,0.35406459354064596,-9.357827879146125,3.236689406978736,0.9588947488229901,False
John Hussey x LAC,14,1.839071070044784,1.6968224789915969,3.6007942330671927,0.5795420457954205,-5.218485626766913,8.896627766856481,0.9611659296116594,False
John Hussey x LV,9,-3.519584332533973,-3.3055555555555554,3.3018422619292456,0.42675732426757323,-9.991195165915293,2.9520265008473485,0.9588947488229901,False
John Hussey x MIA,14,7.164487276698758,6.556591386554621,4.197801595724863,0.0730926907309269,-1.0632038509219734,15.392178404319491,0.9373835343738355,False
John Hussey x MIN,10,0.07140188042430111,0.06599264705882373,2.5256373551950415,0.9913008699130087,-4.87884733575798,5.021651096606583,1.0,False
John Hussey x NE,10,-4.977248071359692,-4.600183823529411,5.4817940186413034,0.28157184281571845,-15.721564347896646,5.767068205177263,0.9588947488229901,False
John Hussey x NO,12,9.409848175381264,8.64169730392157,4.386702616441839,0.029197080291970802,0.8119110471552595,18.007785303607267,0.9373835343738355,False
John Hussey x NYG,11,2.348655839440153,2.1717023172905523,3.6325977822068767,0.5194480551944806,-4.771235813685325,9.46854749256563,0.9611659296116594,False
John Hussey x NYJ,13,2.5777742388964544,2.2888857466063346,3.4536479336055366,0.49205079492050796,-4.191375710970397,9.346924188763307,0.9611659296116594,False
John Hussey x PHI,7,6.715780542986425,6.23608193277311,4.159939356193548,0.16418358164183583,-1.4377005951529283,14.869261681125778,0.9588947488229901,False
John Hussey x PIT,14,-2.1065185180032278,-1.9277836134453783,3.9839981408543275,0.5285471452854714,-9.91515487407771,5.7021178380712545,0.9611659296116594,False
John Hussey x SEA,10,-4.426489373121511,-4.125367647058823,3.043333369165119,0.23057694230576942,-10.391422776685143,1.5384440304421227,0.9588947488229901,False
John Hussey x SF,7,-0.4552458211545487,-0.4230567226890753,3.9199648150899504,0.9316068393160684,-8.138376858730851,7.227885216421754,0.9989013946571081,False
John Hussey x TB,12,-8.497837370242214,-7.808823529411765,4.691631116757542,0.0273972602739726,-17.693434359086996,0.6977596186025679,0.9373835343738355,False
John Hussey x TEN,13,4.626030086002817,4.2593325791855206,4.325685113566414,0.22507749225077492,-3.852312736587354,13.104372908592989,0.9588947488229901,False
John Hussey x WAS,10,3.7685872709739634,3.483088235294118,3.6250875685678747,0.3708629137086291,-3.336584363419071,10.873758905366998,0.9588947488229901,False
Land Clark x ARI,7,0.8723262032085564,0.7996323529411765,6.221695374342438,0.8760123987601239,-11.322196730502622,13.066849136919735,0.9989013946571081,False
Land Clark x ATL,9,3.6715286658141513,3.3443627450980387,5.18387975867844,0.40885911408859116,-6.488875661195591,13.831932992823893,0.9588947488229901,False
Land Clark x BAL,8,-4.799256799493991,-4.419117647058824,5.00641397925712,0.2947705229477052,-14.611828198837946,5.013314599849965,0.9588947488229901,False
Land Clark x BUF,7,-3.0354883889039486,-2.8230042016806722,5.904849634462095,0.585041495850415,-14.608993672449653,8.538016894641757,0.9611659296116594,False
Land Clark x CAR,4,7.000671101774042,6.5827205882352935,8.28448509079058,0.31056894310568944,-9.236919676175496,23.23826187972358,0.9588947488229901,False
Land Clark x CHI,7,-3.8849312452253626,-3.561186974789916,6.863550194815251,0.39986001399860016,-17.337489627063256,9.56762713661253,0.9588947488229901,False
Land Clark x CIN,6,-5.927250445632799,-5.498774509803922,4.332873531232232,0.28177182281771823,-14.419682566847973,2.565181675582375,0.9588947488229901,False
Land Clark x CLE,5,0.5003723008190614,0.4705882352941176,3.355706588436922,0.933006699330067,-6.076812612517305,7.077557214155428,0.9989013946571081,False
Land Clark x DAL,4,6.928338001867413,6.514705882352941,4.569048715682648,0.41745825417458254,-2.026997480870577,15.883673484605403,0.9588947488229901,False
Land Clark x DEN,8,4.72733649380805,4.2771139705882355,4.2598766828712575,0.27507249275072493,-3.6220218046196155,13.076694792235715,0.9588947488229901,False
Land Clark x DET,6,13.532145550527906,12.565563725490199,5.281650837600947,0.015398460153984602,3.180109908830051,23.88418119222576,0.9373835343738355,False
Land Clark x GB,4,-4.5234375,-4.257352941176471,5.833796420403216,0.42695730426957307,-15.957678483990303,6.910803483990303,0.9588947488229901,False
Land Clark x HOU,11,1.8033571004159237,1.6069518716577535,4.419032631726995,0.6386361363863614,-6.857946857768986,10.464661058600832,0.9653545155994913,False
Land Clark x IND,8,1.700901328273245,1.5661764705882353,2.5022395776723734,0.7058294170582942,-3.203488243964607,6.605290900511097,0.9703475933398396,False
Land Clark x JAX,7,6.177330022918259,5.662552521008403,4.589060679444786,0.2516748325167483,-2.8172289087935205,15.171888954630038,0.9588947488229901,False
Land Clark x KC,6,4.28789592760181,3.981617647058824,2.3658262812476423,0.3705629437056294,-0.34912358364356866,8.92491543884719,0.9588947488229901,False
Land Clark x LA,3,-1.3645833333333337,-1.2843137254901962,6.322856118706842,0.8364163583641636,-13.757381325998745,11.028214659332077,0.9989013946571081,False
Land Clark x LAC,4,-8.880319148936172,-8.183823529411766,5.72097262478978,0.15408459154084592,-20.09342549352414,2.3327871956517967,0.9588947488229901,False
Land Clark x LV,6,-7.36029411764706,-6.834558823529413,7.8864172751857895,0.1827817218278172,-22.81767197701121,8.097083741717087,0.9588947488229901,False
Land Clark x MIA,6,-2.2746040723981897,-2.112132352941176,7.252793666653684,0.7115288471152885,-16.49007965903941,11.940871514243032,0.9703475933398396,False
Land Clark x MIN,3,-4.078492647058823,-3.707720588235294,1.785275940118569,0.46115388461153883,-7.577633489691218,-0.5793518044264281,0.9611659296116594,False
Land Clark x NE,7,4.34065934065934,3.983193277310924,5.237315957273658,0.39766023397660233,-5.92447993559703,14.60579861691571,0.9588947488229901,False
Land Clark x NO,7,-2.651098901098901,-2.4327731092436977,5.118130710005778,0.648035196480352,-12.682635092710225,7.380437290512422,0.9653545155994913,False
Land Clark x NYG,6,-0.02826663452266124,-0.025735294117646745,5.306655640844172,1.0,-10.429311690577237,10.372778421531915,1.0,False
Land Clark x NYJ,7,5.111917494270436,4.6859243697479,5.124710582907992,0.28417158284171584,-4.93251524822923,15.156350236770102,0.9588947488229901,False
Land Clark x PHI,4,1.2446808510638305,1.147058823529412,5.04855460793581,0.8628137186281372,-8.650486180490358,11.139847882618017,0.9989013946571081,False
Land Clark x PIT,7,-2.724358974358974,-2.5,3.8089797542244654,0.5329467053294671,-10.189959292638926,4.7412413439209775,0.9611659296116594,False
Land Clark x SF,5,-11.523173624288425,-10.663235294117646,6.786387930543199,0.056194380561943806,-24.824493968153096,1.7781467195762453,0.9373835343738355,False
Land Clark x TB,7,-0.9178762414056529,-0.8413865546218489,4.185367841874448,0.8573142685731426,-9.12119721147957,7.285444728668265,0.9989013946571081,False
Land Clark x TEN,4,-2.9431745524296673,-2.707720588235294,3.6703401737441226,0.6611338866113389,-10.137041292968147,4.250692188108813,0.9676549786881776,False
Land Clark x WAS,5,-6.820699925539838,-6.414705882352942,5.115559758808174,0.24397560243975602,-16.847197052803857,3.2057972017241827,0.9588947488229901,False
Ronald Torbert x ARI,14,2.4312885154061625,2.2237394957983194,3.4594197421724493,0.5135486451354865,-4.349174179251838,9.211751210064163,0.9611659296116594,False
Ronald Torbert x ATL,11,-2.2892713903743314,-2.099933155080215,3.193680789818115,0.5575442455754425,-8.548885738417837,3.9703429576691738,0.9611659296116594,False
Ronald Torbert x BAL,12,-2.3627621187363834,-2.1698835784313726,3.5996298801163906,0.5388461153884612,-9.418036683764509,4.692512446291742,0.9611659296116594,False
Ronald Torbert x BUF,10,2.901447800194458,2.6799632352941174,5.921216961824224,0.527047295270473,-8.704137444981022,14.507033045369937,0.9611659296116594,False
Ronald Torbert x CAR,13,8.088483788594623,7.382777149321266,3.217174599856402,0.029597040295970403,1.7828215728760748,14.394146004313171,0.9373835343738355,False
Ronald Torbert x CHI,10,-3.6564968741119634,-3.4094362745098037,3.737255129702636,0.3477652234776522,-10.98151692832913,3.6685231801052027,0.9588947488229901,False
Ronald Torbert x CIN,13,2.9088993957785787,2.69881221719457,4.3827983356209135,0.42185781421857815,-5.6813853420384115,11.49918413359557,0.9588947488229901,False
Ronald Torbert x CLE,14,-5.439581242944939,-4.925026260504202,3.0479880061757747,0.09719028097190281,-11.413637735049457,0.5344752491595788,0.9588947488229901,False
Ronald Torbert x DAL,10,-2.6214237967914444,-2.4615808823529415,4.762852584463356,0.5681431856814319,-11.95661486233962,6.713767268756732,0.9611659296116594,False
Ronald Torbert x DEN,12,-3.6452218542375627,-3.316329656862745,3.837071798715055,0.32696730326967305,-11.16588257971907,3.8754388712439445,0.9588947488229901,False
Ronald Torbert x DET,4,-5.033015289449113,-4.732536764705882,5.55031726008474,0.46515348465153483,-15.911637119215204,5.845606540316978,0.9611659296116594,False
Ronald Torbert x GB,11,2.466759844433641,2.261196524064171,2.728493317399197,0.48965103489651035,-2.8810870576687853,7.814606746536067,0.9611659296116594,False
Ronald Torbert x HOU,10,0.19714407502131293,0.18382352941176486,4.49189182374431,0.9621037896210379,-8.606963899517535,9.001252049560161,1.0,False
Ronald Torbert x IND,8,-2.834844437190764,-2.637637867647059,7.22917808409847,0.5638436156384361,-17.004033482023765,11.334344607642237,0.9611659296116594,False
Ronald Torbert x JAX,10,-7.021001502790898,-6.543382352941177,2.5662980088646443,0.12638736126387362,-12.050945600165601,-1.9910574054161954,0.9588947488229901,False
Ronald Torbert x KC,6,-7.051699346405228,-6.610968137254901,5.573693224511779,0.1623837616238376,-17.976138066448314,3.8727393736378586,0.9588947488229901,False
Ronald Torbert x LA,14,10.281222174300183,9.408876050420167,3.9280287952769286,0.005599440055994401,2.582285735557403,17.980158613042963,0.9373835343738355,False
Ronald Torbert x LAC,10,-9.342984321827904,-8.629779411764705,4.150963889926338,0.014198580141985802,-17.478873546083527,-1.2070950975722816,0.9373835343738355,False
Ronald Torbert x LV,9,9.686524878768713,9.031045751633988,4.88728578954332,0.024997500249975,0.10744473126380605,19.26560502627362,0.9373835343738355,False
Ronald Torbert x MIA,11,7.275232746260559,6.738135026737967,3.3961770987964477,0.1151884811518848,0.6187256326195216,13.931739859901597,0.9588947488229901,False
Ronald Torbert x MIN,6,10.98075782732448,10.315257352941178,6.618232598526806,0.0377962203779622,-1.9909780657880596,23.95249372043702,0.9373835343738355,False
Ronald Torbert x NE,10,-3.827657907425265,-3.5376838235294117,3.4658754782095054,0.39846015398460155,-10.620773844715895,2.965458029865365,0.9588947488229901,False
Ronald Torbert x NO,14,-3.5286552534921247,-3.2292542016806722,3.1369476946895465,0.3518648135186481,-9.677072735083636,2.619762228099386,0.9588947488229901,False
Ronald Torbert x NYG,12,-0.3929874727668843,-0.3609068627450977,3.0092507973005844,0.9102089791020898,-6.291119035476029,5.505144089942261,0.9989013946571081,False
Ronald Torbert x NYJ,11,-10.302670869276708,-9.536931818181818,4.232966369773954,0.0136986301369863,-18.599284954033656,-2.0060567845197586,0.9373835343738355,False
Ronald Torbert x PHI,14,0.4776324851132505,0.4371060924369749,3.167495282619382,0.885011498850115,-5.730658268820737,6.685923239047239,0.9989013946571081,False
Ronald Torbert x PIT,12,6.319492102396515,5.8036151960784315,3.43108673911356,0.0816918308169183,-0.40543790626606313,13.044422111059092,0.9373835343738355,False
Ronald Torbert x SEA,10,-7.100436415573423,-6.623897058823529,3.501057349697774,0.053894610538946106,-13.96250882098106,-0.23836401016578534,0.9373835343738355,False
Ronald Torbert x SF,11,4.097671649947305,3.7931149732620324,4.722363281731593,0.29947005299470053,-5.158160382246617,13.353503682141227,0.9588947488229901,False
Ronald Torbert x TB,9,1.2627729953770126,1.1766748366013067,5.599153752863769,0.7607239276072393,-9.711568360235974,12.23711435099,0.9815981943472321,False
Ronald Torbert x TEN,9,-0.3560954649155259,-0.32822712418300626,3.2073618905358354,0.940905909409059,-6.642524770365764,5.930333840534711,0.9989013946571081,False
Ronald Torbert x WAS,14,4.127706582633054,3.775341386554622,2.727887476981469,0.22407759224077592,-1.2189528722506253,9.474366037516733,0.9588947488229901,False
Scott Novak x ARI,9,-2.590618191721133,-2.3913398692810457,2.9763074100602953,0.5591440855914409,-8.424180715439311,3.242944331997046,0.9611659296116594,False
Scott Novak x ATL,4,-1.6037234042553195,-1.4779411764705888,7.918730909645065,0.831016898310169,-17.124435987159647,13.916989178649008,0.9989013946571081,False
Scott Novak x BAL,7,2.6796805158233514,2.4939600840336134,4.0266147254274,0.6075392460753924,-5.212484346014353,10.571845377661056,0.9620350267812334,False
Scott Novak x BUF,5,1.4684060721062613,1.3588235294117645,3.9720821613799484,0.8269173082691731,-6.316874964198438,9.253687108410961,0.9989013946571081,False
Scott Novak x CAR,4,-1.8107711834733893,-1.7026654411764701,6.609666476122302,0.7968203179682032,-14.765717476673103,11.144175109726323,0.9989013946571081,False
Scott Novak x CHI,9,1.2601273148148147,1.163194444444444,3.4363973319585437,0.7506249375062494,-5.47521145582393,7.99546608545356,0.9794297615093372,False
Scott Novak x CIN,8,-5.954546228213508,-5.543887867647059,6.5631405802678495,0.19588041195880412,-18.818301765538493,6.9092093091114775,0.9588947488229901,False
Scott Novak x CLE,5,3.7402829486224873,3.51764705882353,9.046144616014747,0.5125487451254874,-13.990160498766416,21.47072639601139,0.9611659296116594,False
Scott Novak x DAL,8,-0.5322803012333963,-0.490119485294118,4.355941901879535,0.9243075692430757,-9.069926428917285,8.005365826450493,0.9989013946571081,False
Scott Novak x DEN,5,3.4546568627450975,3.109191176470588,3.873711027492389,0.5482451754824518,-4.137816751139985,11.04713047663018,0.9611659296116594,False
Scott Novak x DET,9,4.777616174674997,4.347630718954248,4.635711348555579,0.2512748725127487,-4.308378068493936,13.86361041784393,0.9588947488229901,False
Scott Novak x GB,8,0.06213680028463042,0.057215073529412075,2.5499797086599916,0.9937006299370063,-4.935823428688953,5.0600970292582135,1.0,False
Scott Novak x HOU,10,-0.7529583562396925,-0.6886029411764711,4.758079864369499,0.8563143685631437,-10.07879489040391,8.572878177924524,0.9989013946571081,False
Scott Novak x IND,6,-2.7053730583142346,-2.509803921568628,3.755372257677049,0.5971402859714029,-10.06590268336125,4.655156566732781,0.9620350267812334,False
Scott Novak x JAX,8,-4.966232416879794,-4.568933823529412,6.534344212612602,0.3404659534046595,-17.773547073600497,7.841082239840906,0.9588947488229901,False
Scott Novak x KC,4,8.75359654731458,8.053308823529413,3.6577002820372035,0.0800919908009199,1.5845039945216604,15.922689100107497,0.9373835343738355,False
Scott Novak x LA,4,-6.712419947817836,-6.305606617647058,4.54953042572313,0.32386761323867613,-15.629499582235173,2.2046596865994994,0.9588947488229901,False
Scott Novak x LAC,5,-2.7047619047619045,-2.505882352941176,7.250954097985753,0.6284371562843716,-16.91663193681398,11.507108127290172,0.9653545155994913,False
Scott Novak x LV,8,-2.1956421835038356,-2.019990808823529,5.647880538533554,0.6507349265073493,-13.265488039029602,8.874203672021931,0.9653545155994913,False
Scott Novak x MIA,8,-1.6748921035805624,-1.5409007352941173,3.854805347945715,0.7359264073592641,-9.230310585554165,5.880526378393039,0.9794297615093372,False
Scott Novak x MIN,9,0.1351953976034859,0.12479575163398672,3.012559435046414,0.9784021597840216,-5.769421095087486,6.039811890294457,1.0,False
Scott Novak x NE,7,-5.28598536188669,-4.915966386554622,5.770112840138666,0.3481651834816518,-16.595406528558478,6.023435804785096,0.9588947488229901,False
Scott Novak x NO,8,0.8992638626551542,0.8377757352941172,4.386198727086731,0.8612138786121388,-7.697685642434838,9.496213367745145,0.9989013946571081,False
Scott Novak x NYG,8,3.853300831202046,3.545036764705882,1.8031877604382465,0.3952604739526047,0.31905282074308294,7.387548841661008,0.9588947488229901,False
Scott Novak x NYJ,5,-0.0492553983618767,-0.04632352941176521,6.161519913807931,1.0,-12.12583442942542,12.027323632701666,1.0,False
Scott Novak x PHI,9,4.247797669792554,3.8692810457516336,4.4763812542887935,0.32066793320667936,-4.52590958861348,13.021504928198588,0.9588947488229901,False
Scott Novak x PIT,9,1.601766748366013,1.4785539215686276,3.0677528768337723,0.6931306869313069,-4.41102889022818,7.614562386960206,0.9703475933398396,False
Scott Novak x SEA,7,7.230321898496241,6.620535714285714,3.0195678693326893,0.08969103089691031,1.3119688746041698,13.148674922388313,0.9479647779902862,False
Scott Novak x SF,5,0.8218177434908388,0.7595588235294116,4.665414884985179,0.9017098290170983,-8.322395431080112,9.966030918061788,0.9989013946571081,False
Scott Novak x TB,9,7.8059300108932455,7.205473856209149,3.746384137877456,0.07639236076392361,0.46301710065343205,15.14884292113306,0.9373835343738355,False
Scott Novak x TEN,7,-7.873985187295257,-7.038865546218487,4.942678905551682,0.10208979102089791,-17.561635842176553,1.8136654675860404,0.9588947488229901,False
Scott Novak x WAS,7,-0.4951920927945653,-0.46087184873949616,5.144497327401455,0.9253074692530747,-10.578406854501416,9.588022668912284,0.9989013946571081,False
Shawn Hochuli x ARI,4,3.0032898576097105,2.823988970588235,6.977982700716355,0.6663333666633336,-10.673556235794345,16.680135951013767,0.9676549786881776,False
Shawn Hochuli x ATL,6,-0.504807692307692,-0.46875,3.8184563407038365,0.9238076192380762,-7.988982120087211,6.979366735471828,0.9989013946571081,False
Shawn Hochuli x BAL,8,-0.5086550245098038,-0.4735753676470591,7.322128222089792,0.9259074092590741,-14.860026339805795,13.84271629078619,0.9989013946571081,False
Shawn Hochuli x BUF,5,-9.405556894889104,-8.693014705882353,7.719653763174565,0.20127987201279873,-24.53607827071125,5.724964480933044,0.9588947488229901,False
Shawn Hochuli x CAR,7,1.6975239108801417,1.5543592436974794,4.10739875603864,0.7553244675532447,-6.352977650955593,9.748025472715875,0.9815981943472321,False
Shawn Hochuli x CHI,3,9.660513141426783,9.080882352941176,5.755757237072431,0.1212878712128787,-1.620771043235182,20.941797326088746,0.9588947488229901,False
Shawn Hochuli x CIN,6,-3.1699011571841846,-2.886029411764705,7.093556917611931,0.5748425157484252,-17.073272715703567,10.733470401335198,0.9611659296116594,False
Shawn Hochuli x CLE,10,7.684987745098038,7.107169117647059,4.540989120721763,0.055894410558944105,-1.2153509315166175,16.585326421712693,0.9373835343738355,False
Shawn Hochuli x DAL,9,-3.595843545751634,-3.3192401960784315,2.869942013622458,0.48985101489851013,-9.220929892451652,2.0292428009483836,0.9611659296116594,False
Shawn Hochuli x DEN,11,0.9688321863767864,0.8887032085561496,3.7500287203756173,0.8088191180881912,-6.381224105559424,8.318888478312996,0.9989013946571081,False
Shawn Hochuli x DET,10,1.0774417314095444,0.9845588235294119,4.440297102873007,0.807919208079192,-7.625540590221549,9.780424053040639,0.9989013946571081,False
Shawn Hochuli x GB,7,-2.463010886172651,-2.3156512605042017,3.679693506127527,0.5832416758324167,-9.675210158182603,4.749188385837302,0.9611659296116594,False
Shawn Hochuli x HOU,7,-4.575198335913313,-4.189338235294118,4.896669379650546,0.3280671932806719,-14.17267032002838,5.0222736482017565,0.9588947488229901,False
Shawn Hochuli x IND,8,-6.448478910795087,-5.927389705882353,4.228379678494701,0.1312868713128687,-14.7361030806447,1.8391452590545256,0.9588947488229901,False
Shawn Hochuli x JAX,6,-0.0961015087853324,-0.08915441176470622,5.398844884160869,0.9883011698830118,-10.677837481740637,10.485634464169971,1.0,False
Shawn Hochuli x KC,11,-4.862925451477163,-4.460728609625669,3.40820218473869,0.1506849315068493,-11.543001733564996,1.817150830610669,0.9588947488229901,False
Shawn Hochuli x LA,7,0.3765231092436976,0.33718487394957963,4.3510138140493995,0.9499050094990501,-8.151463966293125,8.90451018478052,1.0,False
Shawn Hochuli x LAC,9,5.484497549019608,4.985906862745098,3.6488348452686754,0.21877812218778123,-1.667218747706996,12.636213845746212,0.9588947488229901,False
Shawn Hochuli x LV,11,2.241093710211357,2.028576203208557,3.0680264715902967,0.5840415958404159,-3.7722381741056243,8.254425594528339,0.9611659296116594,False
Shawn Hochuli x MIA,6,2.033088235294117,1.8878676470588232,5.733164649901496,0.7261273872612739,-9.203914478512814,13.27009094910105,0.9794297615093372,False
Shawn Hochuli x MIN,6,7.329405314757482,6.893995098039215,4.605919199887771,0.13858614138586142,-1.6981963170225498,16.357006946537513,0.9588947488229901,False
Shawn Hochuli x NE,9,5.842602773196506,5.389297385620915,3.3238936404397115,0.23057694230576942,-0.6722287620653278,12.357434308458341,0.9588947488229901,False
Shawn Hochuli x NO,7,-5.236852805638384,-4.870273109243698,5.302009549925196,0.33256674332566744,-15.628791523491767,5.155085912214999,0.9588947488229901,False
Shawn Hochuli x NYG,9,-3.1615509132001707,-2.9162581699346406,3.3022689255134217,0.45155484451554845,-9.633998007206477,3.310896180806136,0.9588947488229901,False
Shawn Hochuli x NYJ,8,0.19106657608695624,0.1757812499999995,4.437654318025934,0.971002899710029,-8.506735887243874,8.888869039417788,1.0,False
Shawn Hochuli x PHI,8,0.6193716397849459,0.5703125000000001,3.1932428700879485,0.8843115688431157,-5.639384385587433,6.878127665157325,0.9989013946571081,False
Shawn Hochuli x PIT,10,3.146706638262782,2.8777573529411766,2.8358825379032373,0.41615838416158385,-2.411623136027563,8.705036412553127,0.9588947488229901,False
Shawn Hochuli x SEA,9,-5.918331195406512,-5.459150326797387,4.273300205631052,0.10588941105889411,-14.293999598443374,2.45733720763035,0.9588947488229901,False
Shawn Hochuli x SF,8,-1.7458194971537,-1.6075367647058822,1.9361514462922267,0.7097290270972902,-5.5406763318864645,2.049037337579064,0.9703475933398396,False
Shawn Hochuli x TB,9,2.9079180283224404,2.684232026143791,3.2433437870446005,0.49125087491250874,-3.4490357942849763,9.264871850929858,0.9611659296116594,False
Shawn Hochuli x TEN,8,0.25695976307189544,0.23598345588235325,3.6528400538954813,0.9644035596440356,-6.902606742563248,7.416526268707039,1.0,False
Shawn Hochuli x WAS,6,-0.19243259803921586,-0.17493872549019596,5.328025806465303,0.9719028097190281,-10.63536317871121,10.250497982632776,1.0,False
Shawn Smith x ARI,9,-4.195040168845316,-3.87234477124183,4.6857053142195415,0.38246175382461756,-13.379022584715617,4.988942247024986,0.9588947488229901,False
Shawn Smith x ATL,8,3.619525255754476,3.3299632352941173,4.575275605165363,0.46525347465253475,-5.348014930369635,12.587065441878588,0.9611659296116594,False
Shawn Smith x BAL,10,-4.62355481826877,-4.275919117647059,2.960421470019009,0.29417058294170584,-10.425980899506026,1.1788712629684879,0.9588947488229901,False
Shawn Smith x BUF,13,2.030894710825507,1.8308823529411766,4.020689558798709,0.6364363563643636,-5.849656824419962,9.911446246070977,0.9653545155994913,False
Shawn Smith x CAR,6,-7.134569253233209,-6.706495098039215,6.173532048165737,0.24497550244975502,-19.234692067638054,4.965553561171636,0.9588947488229901,False
Shawn Smith x CHI,6,4.213605328495035,3.909007352941177,4.190746675563059,0.37246275372462756,-4.0002581556085595,12.42746881259863,0.9588947488229901,False
Shawn Smith x CIN,5,-3.585355392156863,-3.3095588235294118,6.398433202508576,0.5783421657834217,-16.12628446907367,8.955573684759946,0.9611659296116594,False
Shawn Smith x CLE,9,0.9536909779488121,0.8796977124183003,3.2487056282257876,0.8163183681631837,-5.413772053373732,7.321154009271355,0.9989013946571081,False
Shawn Smith x DAL,5,-3.3396825396825403,-3.094117647058824,7.718512230659815,0.6591340865913409,-18.467966511775778,11.788601432410697,0.9676549786881776,False
Shawn Smith x DEN,8,-5.3583823529411765,-4.841911764705882,3.0883557492865283,0.21427857214278573,-11.411559621542771,0.6947949156604185,0.9588947488229901,False
Shawn Smith x DET,6,-3.323348601735776,-3.0257352941176467,4.949419960151823,0.5456454354564544,-13.02421172363335,6.377514520161797,0.9611659296116594,False
Shawn Smith x GB,4,-1.561515231092437,-1.4682904411764701,4.3421700294672405,0.7957204279572043,-10.072168488848229,6.949138026663355,0.9989013946571081,False
Shawn Smith x HOU,6,9.226256127450982,8.551164215686276,3.3806744909482824,0.056894310568943104,2.6001341251923487,15.852378129709617,0.9373835343738355,False
Shawn Smith x IND,8,0.6833439897698211,0.6286764705882353,2.519182623505341,0.8751124887511249,-4.254253952300647,5.62094193184029,0.9989013946571081,False
Shawn Smith x JAX,11,-0.5011766349609887,-0.45972593582887716,4.221668450763425,0.9053094690530947,-8.775646798457302,7.773293528535324,0.9989013946571081,False
Shawn Smith x KC,8,-1.7745464354219949,-1.632582720588235,3.2704895806464926,0.6738326167383262,-8.184706013489121,4.635613142645131,0.9676549786881776,False
Shawn Smith x LA,11,3.1150924322784257,2.8574532085561497,3.8560295888760963,0.45265473452654736,-4.4427255619187225,10.672910426475575,0.9588947488229901,False
Shawn Smith x LAC,8,1.8249253834598351,1.6803768382352942,1.8331942698877468,0.7019298070192981,-1.7681353855201485,5.417986152439819,0.9703475933398396,False
Shawn Smith x LV,10,4.729895982783356,4.374264705882352,2.2184758368850193,0.26077392260773924,0.38168334248871805,9.078108623077995,0.9588947488229901,False
Shawn Smith x MIA,7,-4.827979578928345,-4.490021008403361,4.635949244374361,0.4216578342165783,-13.91444009790209,4.258480940045401,0.9588947488229901,False
Shawn Smith x MIN,6,5.419332505729565,5.0275735294117645,4.689978384931514,0.2746725327467253,-3.7730251287362035,14.611690140195332,0.9588947488229901,False
Shawn Smith x NE,8,-4.503225344036697,-4.1953125,4.721346142906485,0.38206179382061795,-13.757063784133408,4.750613096060014,0.9588947488229901,False
Shawn Smith x NO,6,4.3004599567099575,3.9895833333333335,6.169970378160381,0.47135286471352866,-7.792681984484389,16.393601897904304,0.9611659296116594,False
Shawn Smith x NYG,5,-0.2210360105580701,-0.20772058823529455,5.749188108203591,0.9725027497250275,-11.489444702637108,11.047372681520969,1.0,False
Shawn Smith x NYJ,8,-3.0907828484654734,-2.8435202205882355,4.257934058327788,0.5010498950104989,-11.436333602787936,5.2547679058569905,0.9611659296116594,False
Shawn Smith x PHI,6,1.861376199415937,1.749693627450981,3.9253311608461106,0.7088291170882912,-5.832272875842439,9.555025274674314,0.9703475933398396,False
Shawn Smith x PIT,8,4.631204044117647,4.311810661764705,3.8848605881195617,0.27647235276472354,-2.983122708596694,12.245530796831988,0.9588947488229901,False
Shawn Smith x SEA,9,-2.960051310243723,-2.7303921568627456,4.109260831402264,0.42125787421257876,-11.014202539792162,5.094099919304715,0.9588947488229901,False
Shawn Smith x SF,10,8.281173695893452,7.567279411764706,5.211616734595515,0.0491950804919508,-1.933595103913758,18.49594249570066,0.9373835343738355,False
Shawn Smith x TB,5,-1.369769173492181,-1.2882352941176471,2.1588502773527245,0.8072192780721927,-5.6011157171035215,2.861577370119159,0.9989013946571081,False
Shawn Smith x TEN,10,6.622364039955605,6.051470588235294,4.972847050754914,0.11338866113388661,-3.124416179524025,16.369144259435235,0.9588947488229901,False
Shawn Smith x WAS,9,-4.147024782135076,-3.828022875816993,2.756821264747016,0.3177682231776822,-9.550394461039227,1.2563448967690753,0.9588947488229901,False
