label,n,stat,dev_from_stratum_mean,se,p,lo,hi,q,bh_sig,metric
Adrian Hill,110,-1.723814323245476,-1.6224134807016228,1.2427350174294918,0.1782821717828217,-4.15957495740728,0.7119463109163278,0.9275759924007599,False,total_resid
Alan Eck,48,0.4882812499999999,0.4595588235294123,1.4337332252424337,0.8081191880811919,-2.32183587147517,3.29839837147517,0.9275759924007599,False,total_resid
Alex Kemp,126,0.22963647034238052,0.2160267830125881,1.2081748322065695,0.8482151784821518,-2.138386200782496,2.5976591414672567,0.9275759924007599,False,total_resid
Alex Moore,16,5.41796875,5.0992647058823515,3.653049813135741,0.10928907109289071,-1.7420088837460526,12.577946383746053,0.9275759924007599,False,total_resid
Bill Vinovich,171,-0.7054953270741786,-0.6637803544152265,1.0940089432233797,0.5061493850614939,-2.849752855792003,1.4387622016436457,0.9275759924007599,False,total_resid
Brad Allen,169,-0.6996852693745982,-0.6587977138682679,1.078512882375156,0.5047495250474953,-2.813570518829904,1.4141999800807072,0.9275759924007599,False,total_resid
Brad Rogers,92,0.4973167573992452,0.4689690859737633,1.360991012985041,0.7275272472752725,-2.170225628051435,3.1648591428499255,0.9275759924007599,False,total_resid
Carl Cheffers,171,-0.7696508671650288,-0.724142465268342,1.0318610152106473,0.45885411458854114,-2.7920984569778975,1.25279672264784,0.9275759924007599,False,total_resid
Clay Martin,122,0.5021155175357482,0.47330173901300054,1.2787753636303398,0.682931706829317,-2.004284195179718,3.0085152302512146,0.9275759924007599,False,total_resid
Clete Blakeman,171,-0.0020409198417407634,-0.0019202430461197535,1.0510384110377626,0.9986001399860014,-2.0620762054757553,2.057994365792274,0.9986001399860014,False,total_resid
Craig Wrolstad,172,-0.3277008625644914,-0.3082110463953718,0.9762104784565304,0.7497250274972502,-2.241073400339291,1.5856716752103082,0.9275759924007599,False,total_resid
John Hussey,170,-0.1802979996506638,-0.16969956951905474,1.0306004466081575,0.865013498650135,-2.200274875002653,1.8396788757013252,0.9275759924007599,False,total_resid
Land Clark,95,0.22511978479139252,0.21186923983774839,1.332440816421718,0.873012698730127,-2.3864642153951747,2.83670378497796,0.9275759924007599,False,total_resid
Ronald Torbert,172,0.5355073829643974,0.5036583961490876,1.1111660880887566,0.6026397360263973,-1.6423781496895655,2.7133929156183605,0.9275759924007599,False,total_resid
Scott Novak,112,-0.5782213778737203,-0.5435899370598936,1.2698777721147163,0.6487351264873512,-3.0671818112185645,1.9107390554711237,0.9275759924007599,False,total_resid
Shawn Hochuli,124,-1.3297254979344046,-1.2521686015355964,1.1129213918731373,0.2743725627437256,-3.511051426005754,0.8516004301369446,0.9275759924007599,False,total_resid
Shawn Smith,124,1.8189436286612592,1.7128528431701986,1.2219731830248972,0.1327867213278672,-0.5761238100675394,4.214011067390058,0.9275759924007599,False,total_resid
