label,n,stat,dev_from_stratum_mean,se,p,lo,hi,group,q,bh_sig
Adrian Hill x QB,110,-0.10458606244739058,-0.09843394112695579,0.03309050216167453,0.024797520247975203,-0.16944344668427264,-0.0397286782105085,QB,0.2710014712814433,False
Alan Eck x QB,48,0.03515625,0.033088235294117634,0.07362936376022812,0.647035296470353,-0.10915730297004711,0.1794698029700471,QB,0.915513666024702,False
Alex Kemp x QB,126,0.009073711843919665,0.008535947172078687,0.04551246802547767,0.8404159584041596,-0.08013072548601656,0.0982781491738559,QB,0.9712343051409145,False
Alex Moore x QB,16,-0.007812500000000002,-0.007352941176470562,0.11577374342247866,1.0,-0.23472903710805818,0.21910403710805818,QB,1.0,False
Bill Vinovich x QB,171,-0.05101251435000179,-0.04799621422764681,0.04015699299306611,0.25817418258174185,-0.12972022061641136,0.027695191916407784,QB,0.7181936351819365,False
Brad Allen x QB,169,-0.00862178696840738,-0.00811795501900873,0.040673089070501704,0.8879112088791121,-0.08834104154659071,0.07109746760977596,QB,0.9712343051409145,False
Brad Rogers x QB,92,0.04242937584415967,0.04001084884436866,0.051812469302733956,0.4186581341865813,-0.059123063989198886,0.14398181567751822,QB,0.8436276854242287,False
Carl Cheffers x QB,171,0.04639262234054743,0.043649490106718446,0.04810581124411947,0.32116788321167883,-0.047894767697926735,0.1406800123790216,QB,0.7480024724800247,False
Clay Martin x QB,122,-0.026109741031593556,-0.024611439805885812,0.04164837519943191,0.5462453754624538,-0.1077405564224801,0.05552107435929299,QB,0.8705785671432857,False
Clete Blakeman x QB,171,0.06503901782208481,0.06119334975584116,0.05327087803902428,0.1635836416358364,-0.03937190313440278,0.1694499387785724,QB,0.5688249356882494,False
Craig Wrolstad x QB,172,-0.05215924127784432,-0.049057101063532685,0.04144265279220415,0.26747325267473254,-0.13338684075056445,0.02906835819487582,QB,0.7307751367720372,False
John Hussey x QB,170,0.028710560151901623,0.02702287162291717,0.04971556982538706,0.5204479552044795,-0.06873195670585701,0.12615307700966025,QB,0.8705785671432857,False
Land Clark x QB,95,0.055806806664374826,0.0525220194071782,0.05243815774879542,0.30956904309569044,-0.0469719825232642,0.15858559585201384,QB,0.7480024724800247,False
Ronald Torbert x QB,172,0.02249722121310281,0.02115921220596111,0.04350522246077511,0.6216378362163784,-0.0627730148100164,0.10776745723622203,QB,0.915513666024702,False
Scott Novak x QB,112,-0.022024487875908168,-0.020705374163554318,0.04280726318272554,0.6722327767223277,-0.10592672371405024,0.061877747962233894,QB,0.915513666024702,False
Shawn Hochuli x QB,124,-0.003969705658584342,-0.0037381706154684213,0.042834134120738984,1.0,-0.08792460853523275,0.07998519721806406,QB,1.0,False
Shawn Smith x QB,124,-0.021326955217194785,-0.02008305002108367,0.046447693881313895,0.6817318268173183,-0.11236443522457001,0.06971052479018044,QB,0.915513666024702,False
Adrian Hill x RB,110,0.16727057357428446,0.15743112806991483,0.07078905897556251,0.0013998600139986002,0.02852401798218196,0.30601712916638696,RB,0.026772322767723226,True
Alan Eck x RB,48,0.009114583333333343,0.008578431372549048,0.07255327440598366,1.0,-0.13308983450239464,0.15131900116906133,RB,1.0,False
Alex Kemp x RB,126,-0.02074150053925891,-0.019512230046339514,0.04758405644057737,0.7387261273872613,-0.11400625116279056,0.07252325008427274,RB,0.949790735212193,False
Alex Moore x RB,16,0.12109375000000001,0.11397058823529416,0.15794405644256795,0.43965603439656037,-0.1884766006274332,0.4306641006274332,RB,0.8436276854242287,False
Bill Vinovich x RB,171,-0.08504047011488208,-0.08001214356244658,0.04040336862937009,0.05979402059794021,-0.16423107262844747,-0.0058498676013166995,RB,0.36399808295032565,False
Brad Allen x RB,169,-0.08170060502915757,-0.07692626123595998,0.04114842033152251,0.068993100689931,-0.16235150887894167,-0.0010497011793734606,RB,0.36399808295032565,False
Brad Rogers x RB,92,-0.05238236499559924,-0.04939650528085626,0.04637285197647158,0.34466553344665535,-0.14327315486948353,0.03850842487828504,RB,0.7808594140585942,False
Carl Cheffers x RB,171,0.0820444298376713,0.07719325504436489,0.04964628427492291,0.0684931506849315,-0.0152622873411776,0.1793511470165202,RB,0.36399808295032565,False
Clay Martin x RB,122,0.07441003490603526,0.0701400329029607,0.05688092923287136,0.1404859514048595,-0.0370765863903926,0.18589665620246312,RB,0.5242524528035001,False
Clete Blakeman x RB,171,0.0074588479115218695,0.007017816447873796,0.045142792124450194,0.8887111288871112,-0.08102102465240052,0.09593872047544424,RB,0.9712343051409145,False
Craig Wrolstad x RB,172,0.031303731499607544,0.029441960469893672,0.043749518616223525,0.49135086491350866,-0.05444532498819057,0.11705278798740565,RB,0.8542804810428049,False
John Hussey x RB,170,-0.0345722607808986,-0.032540004787553964,0.041185112865659325,0.44895510448955106,-0.11529508199759088,0.04615056043579367,RB,0.8436276854242287,False
Land Clark x RB,95,-0.0146093506021537,-0.013749444587776593,0.04736387385110285,0.8402159784021598,-0.10744254335031528,0.07822384214600789,RB,0.9712343051409145,False
Ronald Torbert x RB,172,-0.07380620427531803,-0.06941662366143331,0.03673581341408007,0.11038896110388961,-0.14580839856691497,-0.0018040099837210999,RB,0.45647327159175977,False
Scott Novak x RB,112,-0.08752048076659007,-0.08227861239982118,0.03873101465053525,0.09419058094190581,-0.16343326948163917,-0.011607692051540969,RB,0.43670178436701784,False
Shawn Hochuli x RB,124,0.00042196206658967877,0.00039735092065504475,0.0472800514219457,1.0,-0.09224693872042389,0.09309086285360324,RB,1.0,False
Shawn Smith x RB,124,-0.008349959942479503,-0.007862944404912493,0.046069468825737626,0.9275072492750724,-0.09864611884092525,0.08194619895596625,RB,0.9854764523547644,False
Adrian Hill x WR,110,-0.15844009759048816,-0.149120091849871,0.09163728910900594,0.11788821117888211,-0.33804918424413977,0.021168989063163474,WR,0.4624845207786914,False
Alan Eck x WR,48,-0.3177083333333333,-0.29901960784313714,0.13850822686213166,0.0418958104189581,-0.5891844579831114,-0.046232208683555265,WR,0.30524090448098046,False
Alex Kemp x WR,126,0.0852863290300688,0.08023173003769414,0.10424605218110458,0.3635636436356364,-0.11903593324489617,0.2896085913050338,WR,0.7808594140585942,False
Alex Moore x WR,16,-0.43750000000000006,-0.411764705882353,0.17037839951005482,0.10128987101289871,-0.7714416630397075,-0.1035583369602926,WR,0.4427814361421001,False
Bill Vinovich x WR,171,-0.16485264351381312,-0.15510513243467658,0.08018301058141519,0.0382961703829617,-0.3220113442533869,-0.0076939427742393485,WR,0.30524090448098046,False
Brad Allen x WR,169,-0.07744617882074928,-0.07292045122022821,0.07332476548090032,0.35156484351564843,-0.2211627191633139,0.06627036152181534,WR,0.7808594140585942,False
Brad Rogers x WR,92,-0.04052522747967761,-0.0382152392962016,0.10189941608473561,0.7036296370362963,-0.2402480830057594,0.1591976280464042,WR,0.9182971533355138,False
Carl Cheffers x WR,171,0.09530856158022857,0.08967309683948904,0.08230368113859621,0.24437556244375563,-0.06600665345141998,0.25662377661187713,WR,0.697213611972136,False
Clay Martin x WR,122,0.16141282461952056,0.15215018839958605,0.09673928789368531,0.08709129087091291,-0.028196179652102665,0.35102182889114375,WR,0.42644485551444855,False
Clete Blakeman x WR,171,-0.016569811308995586,-0.015590061055247907,0.08199015604224608,0.8553144685531446,-0.1772705171517979,0.1441308945338067,WR,0.9712343051409145,False
Craig Wrolstad x WR,172,0.016157103436675726,0.015196169207385158,0.08112656667347187,0.8463153684631537,-0.14285096724332913,0.1751651741166806,WR,0.9712343051409145,False
John Hussey x WR,170,-0.034785661447434044,-0.03274086115488089,0.08218252132665016,0.6644335566443356,-0.19586340324766838,0.12629208035280026,WR,0.915513666024702,False
Land Clark x WR,95,0.35672698613967385,0.3357300445763105,0.11172464014657067,0.0005999400059994001,0.13774669145239535,0.5757072808269523,WR,0.026772322767723226,True
Ronald Torbert x WR,172,-0.05761302662287204,-0.054186525731055285,0.07531250324187,0.49075092490750927,-0.20522553297693724,0.08999947973119315,WR,0.8542804810428049,False
Scott Novak x WR,112,-0.09169348802676804,-0.08620168553532516,0.08401390851879392,0.35526447355264473,-0.25636074872360415,0.07297377267006806,WR,0.7808594140585942,False
Shawn Hochuli x WR,124,0.16987378263098737,0.15996581036088298,0.0885062570448308,0.0725927407259274,-0.0035984811768809966,0.34334604643885575,WR,0.3702229777022298,False
Shawn Smith x WR,124,-0.17297507554675182,-0.16288621883565232,0.08789873655429756,0.0644935506449355,-0.34525659919317503,-0.0006935519003286039,WR,0.36399808295032565,False
Adrian Hill x TE,110,-0.051730307633627945,-0.04868734836106159,0.08025064085553459,0.5947405259474052,-0.20902156371047576,0.10556094844321985,TE,0.90995300469953,False
Alan Eck x TE,48,-0.04296874999999997,-0.04044117647058832,0.14382676898958566,0.8203179682031797,-0.32486921721958784,0.23893171721958792,TE,0.9712343051409145,False
Alex Kemp x TE,126,-0.15478938651463664,-0.14561560349448416,0.0698672106688655,0.06669333066693331,-0.291729119425613,-0.017849653603660254,TE,0.36399808295032565,False
Alex Moore x TE,16,0.03125000000000003,0.02941176470588231,0.24703356473937532,1.0,-0.4529357868891756,0.5154357868891757,TE,1.0,False
Bill Vinovich x TE,171,0.0038439777119896068,0.0036166885734176353,0.07372496494296871,0.967003299670033,-0.14065695357622907,0.14834490900020827,TE,1.0,False
Brad Allen x TE,169,-0.078256826714019,-0.07368372722761893,0.07202596761467578,0.3137686231376862,-0.2194277232387835,0.06291406981074553,TE,0.7480024724800247,False
Brad Rogers x TE,92,0.2116671537446989,0.1996018636923369,0.10257727182731685,0.030896910308969103,0.010615700963157892,0.41271860652623993,TE,0.30524090448098046,False
Carl Cheffers x TE,171,0.09691742648162108,0.09118683176227212,0.07874024264794975,0.20417958204179582,-0.05741344910836044,0.2512483020716026,TE,0.6770386791108123,False
Clay Martin x TE,122,-0.022044232852689916,-0.02077922983856568,0.07900712382427168,0.7964203579642036,-0.1768981955482624,0.13280972984288256,TE,0.9712343051409145,False
Clete Blakeman x TE,171,-0.17656304058092684,-0.16612310975819583,0.06889602825758535,0.0206979302069793,-0.31159925596579413,-0.04152682519605955,TE,0.24359871705137176,False
Craig Wrolstad x TE,172,0.0489294005078432,0.04601935317473494,0.07614375835691528,0.5238476152384761,-0.10031236587171075,0.19817116688739714,TE,0.8705785671432857,False
John Hussey x TE,170,-0.058797276663299786,-0.05534100521352075,0.07032479384972158,0.45155484451554845,-0.1966338726087541,0.07903931928215452,TE,0.8436276854242287,False
Land Clark x TE,95,0.11468729625409868,0.10793680483889442,0.11548069126727709,0.2435756424357564,-0.1116548586297644,0.3410294511379618,TE,0.697213611972136,False
Ronald Torbert x TE,172,0.07997376207942121,0.0752173695906035,0.07599144724765652,0.29487051294870514,-0.06896947452598558,0.228916998684828,TE,0.7480024724800247,False
Scott Novak x TE,112,-0.003464646604656125,-0.003257138358815715,0.09934344118500844,1.0,-0.19817779132727267,0.19124849811796044,TE,1.0,False
Shawn Hochuli x TE,124,0.0861427366919836,0.08111841902979836,0.0814576751789445,0.3060693930606939,-0.07351430665874761,0.24579978004271483,TE,0.7480024724800247,False
Shawn Smith x TE,124,0.01754040395154602,0.01651735122812566,0.07885155874052187,0.8388161183881612,-0.13700865117987684,0.17208945908296888,TE,0.9712343051409145,False
Adrian Hill x OL,110,0.3652721387047557,0.3437855423103582,0.20307147195360792,0.05549445055494451,-0.03274794632431577,0.7632922237338272,OL,0.35377712228777125,False
Alan Eck x OL,48,-0.3151041666666666,-0.29656862745098017,0.23783750527608583,0.28547145285471454,-0.7812656770077948,0.1510573436744616,OL,0.7480024724800247,False
Alex Kemp x OL,126,0.010526278281374254,0.009902425476363478,0.16959453069538083,0.9625037496250375,-0.32187900188157215,0.34293155844432066,OL,1.0,False
Alex Moore x OL,16,1.74609375,1.6433823529411773,0.7676088103649193,0.0010998900109989002,0.2415804816847582,3.250607018315242,OL,0.026772322767723226,True
Bill Vinovich x OL,171,-0.6002326529372028,-0.5647417180643601,0.13388703435545407,0.00019998000199980003,-0.8626512402738928,-0.33781406560051286,OL,0.02294770522947705,True
Brad Allen x OL,169,-0.5608401871596465,-0.528066331132683,0.1446163068126378,0.00029997000299970003,-0.8442881485124165,-0.2773922258068764,OL,0.02294770522947705,True
Brad Rogers x OL,92,0.08678322540832405,0.08183647402197596,0.18443043550749158,0.676032396760324,-0.2747004281863594,0.44826687900300755,OL,0.915513666024702,False
Carl Cheffers x OL,171,0.18122355696218087,0.1705080561874457,0.1549256171839264,0.24177582241775822,-0.12243065271831485,0.48487776664267657,OL,0.697213611972136,False
Clay Martin x OL,122,-0.13602649873651748,-0.1282206507375263,0.14884000923636378,0.45585441455854414,-0.42775291683979044,0.1556999193667555,OL,0.8436276854242287,False
Clete Blakeman x OL,171,0.10042250987551903,0.09448466437458064,0.14756648540097778,0.5206479352064793,-0.1888078015103974,0.38965282126143547,OL,0.8705785671432857,False
Craig Wrolstad x OL,172,-0.025333296517621458,-0.02382661359886955,0.14708735217162164,0.8751124887511249,-0.31362450677399983,0.26295791373875693,OL,0.9712343051409145,False
John Hussey x OL,170,-0.06400841883037715,-0.06024582159622634,0.1492281527200273,0.6765323467653235,-0.3564955981616307,0.22847876050087634,OL,0.915513666024702,False
Land Clark x OL,95,-0.03414756302917319,-0.03213763831556004,0.20586323577686672,0.8639136086391361,-0.437639505151832,0.36934437909348555,OL,0.9712343051409145,False
Ronald Torbert x OL,172,0.370766394427498,0.3487152810659727,0.163088464616254,0.013498650134986502,0.05111300377964012,0.6904197850753558,OL,0.18775395187753954,False
Scott Novak x OL,112,-0.03844566838208627,-0.03614304011535169,0.21922412373411063,0.82991700829917,-0.4681249509009431,0.3912336141367706,OL,0.9712343051409145,False
Shawn Hochuli x OL,124,0.5678147971057421,0.5346967186292066,0.18228424074504845,0.0013998600139986002,0.21053768524544714,0.9250919089660371,OL,0.026772322767723226,True
Shawn Smith x OL,124,0.07698934628155159,0.07249890463577936,0.17621916013285438,0.6867313268673133,-0.26840020757884303,0.4223789001419462,OL,0.915513666024702,False
Adrian Hill x DL,110,0.0352668777619949,0.03319235554070105,0.12538452458731592,0.7895210478952105,-0.2104867904291443,0.2810205459531341,DL,0.9712343051409145,False
Alan Eck x DL,48,-0.11458333333333327,-0.10784313725490198,0.15136537014492676,0.5427457254274572,-0.41125945881738973,0.18209279215072322,DL,0.8705785671432857,False
Alex Kemp x DL,126,0.33539353671445443,0.31551602701265735,0.12748363399311247,0.007499250074992501,0.085525614087954,0.5852614593409549,DL,0.11473852614738525,False
Alex Moore x DL,16,1.1093749999999998,1.0441176470588238,0.4143089698374211,0.000999900009999,0.2973294191186544,1.9214205808813452,DL,0.026772322767723226,True
Bill Vinovich x DL,171,-0.21837546215236608,-0.20546322009563875,0.10498013050356733,0.040695930406959305,-0.424136517939358,-0.012614406365374115,DL,0.30524090448098046,False
Brad Allen x DL,169,0.036699506511766525,0.034554894962496766,0.10521339215889366,0.752024797520248,-0.16951874211966506,0.24291775514319808,DL,0.950907388599983,False
Brad Rogers x DL,92,0.07250431001044079,0.0683714744955953,0.13981935694495476,0.6212378762123788,-0.20154162960167055,0.3465502496225521,DL,0.915513666024702,False
Carl Cheffers x DL,171,0.20934337243653822,0.19696518547711644,0.11451645146124151,0.05089491050894911,-0.015108872427495118,0.4337956173005716,DL,0.33856179599431363,False
Clay Martin x DL,122,0.05099515109961419,0.04806880658684252,0.1315190213841794,0.7025297470252975,-0.2067821308133774,0.30877243301260576,DL,0.9182971533355138,False
Clete Blakeman x DL,171,-0.09521442042857199,-0.08958452212522262,0.09480246581079023,0.39086091390860916,-0.28102725341772083,0.09059841256057687,DL,0.8192016414796877,False
Craig Wrolstad x DL,172,-0.0983588733014205,-0.09250903712996666,0.09964947511651205,0.36606339366063395,-0.2936718445297841,0.09695409792694311,DL,0.7808594140585942,False
John Hussey x DL,170,-0.16968919115431633,-0.15971437701315663,0.09956435701160424,0.1090890910908909,-0.36483533089706066,0.02545694858842798,DL,0.45647327159175977,False
Land Clark x DL,95,0.04427043461697068,0.04166467793257669,0.12881400751382988,0.7721227877212279,-0.20820502011013586,0.2967458893440772,DL,0.96831792230613,False
Ronald Torbert x DL,172,-0.2660347881441018,-0.2502125255020596,0.09455045013973905,0.014898510148985102,-0.45135367041799035,-0.08071590587021327,DL,0.18995600439956006,False
Scott Novak x DL,112,-0.07978547984863982,-0.07500688426412216,0.1318793262211635,0.543945605439456,-0.33826895924212025,0.1786979995448406,DL,0.8705785671432857,False
Shawn Hochuli x DL,124,0.14824061775741385,0.1395944105128611,0.13693338850479925,0.23807619238076191,-0.12014882371199267,0.4166300592268204,DL,0.697213611972136,False
Shawn Smith x DL,124,0.023780626443843968,0.022393609661606546,0.12167291570047334,0.8665133486651335,-0.21469828832908378,0.2622595412167717,DL,0.9712343051409145,False
Adrian Hill x LB,110,0.024729094328703696,0.02327444172113289,0.09690819734352503,0.8351164883511649,-0.16521097246460537,0.21466916112201273,LB,0.9712343051409145,False
Alan Eck x LB,48,-0.10156250000000003,-0.09558823529411771,0.16941944146370458,0.5701429857014298,-0.43362460526886104,0.23049960526886096,LB,0.8901211919624364,False
Alex Kemp x LB,126,0.05708007266757012,0.05369715208614323,0.10901178535858029,0.6253374662533746,-0.15658302663524726,0.2707431719703875,LB,0.915513666024702,False
Alex Moore x LB,16,0.2109375,0.19852941176470584,0.3502310025279604,0.5322467753224678,-0.47551526495480234,0.8973902649548023,LB,0.8705785671432857,False
Bill Vinovich x LB,171,-0.2837437431797483,-0.26696636417430686,0.08947361626392712,0.004999500049995001,-0.45911203105704546,-0.10837545530245116,LB,0.08499150084991501,False
Brad Allen x LB,169,0.04720191126320612,0.044443569975695166,0.09307171268550825,0.6288371162883711,-0.13521864560039004,0.22962246812680226,LB,0.915513666024702,False
Brad Rogers x LB,92,0.08586662250290239,0.08097211861797858,0.12108674225191088,0.5150484951504849,-0.15146339231084294,0.3231966373166477,LB,0.8705785671432857,False
Carl Cheffers x LB,171,0.07629621663287747,0.07178492581537342,0.09307988872890464,0.44465553444655537,-0.10614036527577564,0.2587327985415306,LB,0.8436276854242287,False
Clay Martin x LB,122,-0.08369445714215969,-0.0788916707962784,0.09850683421989549,0.45765423457654236,-0.27676785221315486,0.10937893792883548,LB,0.8436276854242287,False
Clete Blakeman x LB,171,0.16331272888005183,0.1536562708446134,0.11007436829519099,0.10038996100389962,-0.052433032978522504,0.3790584907386262,LB,0.4427814361421001,False
Craig Wrolstad x LB,172,-0.011149085441279656,-0.010486000138409638,0.09197654670285095,0.9251074892510749,-0.19142311697886752,0.1691249460963082,LB,0.9854764523547644,False
John Hussey x LB,170,-0.0969300252788913,-0.0912322022161625,0.09361008881394123,0.31696830316968305,-0.2804057993542161,0.08654574879643351,LB,0.7480024724800247,False
Land Clark x LB,95,-0.2014085477852714,-0.18955364565416788,0.11760239603149275,0.08919108089191082,-0.43190924400699715,0.029092148436454385,LB,0.42644485551444855,False
Ronald Torbert x LB,172,0.0394400425662845,0.03709436921863554,0.10118996593008267,0.7082291770822917,-0.15889229065667754,0.23777237578924654,LB,0.9182971533355138,False
Scott Novak x LB,112,-0.364838197388281,-0.34298692567304717,0.0886453987554056,0.0012998700129987,-0.538583178948876,-0.191093215827686,LB,0.026772322767723226,True
Shawn Hochuli x LB,124,0.1376282746979942,0.12960103760366173,0.11952758379191061,0.207979202079792,-0.0966457895341506,0.371902338930139,LB,0.6770386791108123,False
Shawn Smith x LB,124,0.12896488970522416,0.12144294881931289,0.11581502987993512,0.2460753924607539,-0.0980325688594487,0.35596234826989703,LB,0.697213611972136,False
Adrian Hill x DB,110,0.3721563453545874,0.3502647956278472,0.17322250509136422,0.032896710328967106,0.03264023537551353,0.7116724553336613,DB,0.30524090448098046,False
Alan Eck x DB,48,-0.55859375,-0.5257352941176471,0.21989857274617478,0.038196180381961806,-0.9895949525825025,-0.12759254741749743,DB,0.30524090448098046,False
Alex Kemp x DB,126,0.24581557654504693,0.2312470146237503,0.15180564881987788,0.1282871712828717,-0.05172349514191371,0.5433546482320075,DB,0.4906984301569842,False
Alex Moore x DB,16,0.8749999999999999,0.8235294117647063,0.42856778126365835,0.049595040495950406,0.03500714872322952,1.7149928512767703,DB,0.33856179599431363,False
Bill Vinovich x DB,171,-0.1698105995859408,-0.1597699313531622,0.14610588863401688,0.23627637236276372,-0.4561781413086139,0.11655694213673229,DB,0.697213611972136,False
Brad Allen x DB,169,0.060844108592044456,0.057288557294653035,0.14589806882504197,0.6815318468153184,-0.22511610630503778,0.3468043234891267,DB,0.915513666024702,False
Brad Rogers x DB,92,-0.04979382502682075,-0.0469555152979067,0.18379395796465448,0.8009199080091991,-0.4100299826375435,0.310442332583902,DB,0.9712343051409145,False
Carl Cheffers x DB,171,-0.05991883332315803,-0.05637591475529496,0.1474652791403909,0.6808319168083191,-0.34895078043832417,0.22911311379200813,DB,0.915513666024702,False
Clay Martin x DB,122,-0.11674335636369944,-0.11004406686399514,0.15738492659202957,0.48235176482351766,-0.42521781248407736,0.1917310997566785,DB,0.8542804810428049,False
Clete Blakeman x DB,171,0.21356163373938986,0.2009340267651726,0.15140635988894147,0.14678532146785322,-0.0831948316429354,0.5103180991217151,DB,0.534717956775751,False
Craig Wrolstad x DB,172,-0.22365051340616876,-0.21034903058948146,0.1316573353047775,0.11768823117688232,-0.48169889060353266,0.03439786379119514,DB,0.4624845207786914,False
John Hussey x DB,170,-0.16913116734184536,-0.1591891554303261,0.13643046418286656,0.23787621237876214,-0.4365348771402638,0.09827254245657308,DB,0.697213611972136,False
Land Clark x DB,95,-0.18899847063896286,-0.17787402534113056,0.17483330092306157,0.3116688331166883,-0.5316717404481635,0.1536747991702378,DB,0.7480024724800247,False
Ronald Torbert x DB,172,-0.0864735247926659,-0.08133056273722382,0.14109804627156824,0.5603439656034397,-0.3630256954849397,0.19007864589960788,DB,0.883841512755941,False
Scott Novak x DB,112,-0.12449894380460673,-0.11704232257138966,0.17127866782833848,0.46895310468953105,-0.46020513274815017,0.21120724513893668,DB,0.8525747425257474,False
Shawn Hochuli x DB,124,0.2299941501617409,0.2165796277628435,0.18532326898128876,0.15798420157984203,-0.13323945704158507,0.5932277573650668,DB,0.5621298335282752,False
Shawn Smith x DB,124,0.11612345637673267,0.10935049843189969,0.16120249562377076,0.47365263473652636,-0.19983343504585804,0.43208034779932336,DB,0.8525747425257474,False
Adrian Hill x ST,110,0.03450282446864478,0.032473246558724495,0.0409131827515669,0.32266773322667736,-0.04568701372442634,0.11469266266171589,ST,0.7480024724800247,False
Alan Eck x ST,48,-0.13411458333333334,-0.12622549019607837,0.03983534812781506,0.0408959104089591,-0.21219186566385084,-0.05603730100281583,ST,0.30524090448098046,False
Alex Kemp x ST,126,0.028497625477660198,0.02680867871840093,0.03537898342142831,0.42575742425757424,-0.04084518202833928,0.09784043298365969,ST,0.8436276854242287,False
Alex Moore x ST,16,0.15624999999999997,0.1470588235294117,0.1866299256996762,0.40615938406159385,-0.2095446543713654,0.5220446543713654,ST,0.8397619697489711,False
Bill Vinovich x ST,171,-0.015275558899297713,-0.014372336018322652,0.02723568742530826,0.6738326167383262,-0.0686575062529019,0.03810638845430647,ST,0.915513666024702,False
Brad Allen x ST,169,0.008786197072408524,0.008272757478619863,0.031018653129175323,0.823917608239176,-0.052010363060775104,0.06958275720559215,ST,0.9712343051409145,False
Brad Rogers x ST,92,-0.010412624700844928,-0.009819092190016117,0.03321520429758802,0.8802119788021198,-0.07551442512411745,0.05468917572242759,ST,0.9712343051409145,False
Carl Cheffers x ST,171,0.01680578161094843,0.015812078756359215,0.031004863324861673,0.5940405959404059,-0.04396375050578045,0.07757531372767731,ST,0.90995300469953,False
Clay Martin x ST,122,0.01320461687432663,0.01244687310261088,0.03478429829608223,0.6881311868813119,-0.054972607785994554,0.08138184153464781,ST,0.915513666024702,False
Clete Blakeman x ST,171,0.04166764225299825,0.0392038916218563,0.030340902810451657,0.16868313168683133,-0.017800527255486996,0.10113581176148351,ST,0.5735226477352265,False
Craig Wrolstad x ST,172,0.0031351488739459372,0.0029486877375978267,0.032485340113969134,0.918108189181082,-0.06053611774943357,0.06680641549732544,ST,0.9854764523547644,False
John Hussey x ST,170,0.011853552618949626,0.011156767022400064,0.029151030345312395,0.7497250274972502,-0.04528246685786267,0.06898957209576193,ST,0.950907388599983,False
Land Clark x ST,95,0.04463986747783438,0.04201236598440545,0.05077664700013154,0.3090690930906909,-0.05488236064242344,0.1441620955980922,ST,0.7480024724800247,False
Ronald Torbert x ST,172,-0.0012283338652509764,-0.0011552794306648256,0.028592918837921776,1.0,-0.057270454787577654,0.05481378705707571,ST,1.0,False
Scott Novak x ST,112,-0.005561407077189832,-0.005228317455454422,0.03363143279324314,0.8988101189881011,-0.07147901535194638,0.060356201197566725,ST,0.9753045971998545,False
Shawn Hochuli x ST,124,-0.03041762271852998,-0.02864349985065711,0.026757375013468296,0.36746325367463256,-0.08286207774492783,0.022026832307867877,ST,0.7808594140585942,False
Shawn Smith x ST,124,-0.029925736925484912,-0.028180303539426514,0.025628670714495854,0.42395760423957607,-0.08015793152589679,0.02030645767492696,ST,0.8436276854242287,False
