game_id,our_ref,espn_ref,our_score,espn_score,our_pen_home,espn_pen_home,our_pen_away,espn_pen_away
2024_04_WAS_ARI,Craig Wrolstad,Craig Wrolstad,14-42,14-42,4-82,4-82,5-49,5-49
2017_11_ARI_HOU,Ed Hochuli,,31-21,31-21,6-42,6-42,10-90,10-90
2021_18_CAR_TB,Tony Corrente,Tony Corrente,41-17,41-17,2-10,2-10,1-10,1-10
2020_13_DET_CHI,Clay Martin,Clay Martin,30-34,30-34,3-20,3-20,7-45,7-45
2025_01_ARI_NO,Scott Novak,Scott Novak,13-20,13-20,13-89,13-89,9-54,9-54
2020_01_GB_MIN,Bill Vinovich,,34-43,34-43,5-20,5-20,6-63,6-63
2024_07_CIN_CLE,Ronald Torbert,Ronald Torbert,14-21,14-21,10-80,10-80,3-37,3-37
2024_10_ATL_NO,Carl Cheffers,Carl Cheffers,20-17,20-17,8-76,8-76,6-45,6-45
2024_04_DEN_NYJ,Ronald Torbert,Ronald Torbert,9-10,9-10,13-90,13-90,5-74,5-74
2016_05_HOU_MIN,Jeff Triplette,Jeff Triplette,31-13,31-13,9-97,9-97,4-15,4-15
2022_09_TEN_KC,Clete Blakeman,Clete Blakeman,20-17,20-17,10-69,10-69,8-51,8-51
2016_11_NE_SF,Jeff Triplette,Jeff Triplette,17-30,17-30,9-63,10-68,5-40,5-40
2019_03_NO_SEA,Ronald Torbert,Ronald Torbert,27-33,27-33,7-53,7-53,11-70,11-70
2015_03_NO_CAR,Ed Hochuli,Ed Hochuli,27-22,27-22,10-88,10-88,8-55,8-55
2024_18_SEA_LA,Bill Vinovich,Bill Vinovich,25-30,25-30,2-10,2-10,3-23,3-23
2022_17_MIN_GB,Carl Cheffers,Carl Cheffers,41-17,41-17,3-30,3-30,6-35,6-35
2022_18_CLE_PIT,Clete Blakeman,Clete Blakeman,28-14,28-14,4-20,4-20,9-65,9-65
2025_16_KC_TEN,Clete Blakeman,,26-9,26-9,12-82,12-82,10-59,10-59
2020_06_LA_SF,Carl Cheffers,Carl Cheffers,24-16,24-16,7-63,7-63,6-34,6-34
2017_09_BAL_TEN,John Hussey,,23-20,23-20,3-39,3-39,6-39,6-39
2021_04_DET_CHI,Shawn Smith,Shawn Smith,24-14,24-14,7-61,7-61,4-26,4-26
2024_01_NYJ_SF,Carl Cheffers,Carl Cheffers,32-19,32-19,4-40,4-40,3-10,3-10
2025_10_NYG_CHI,Adrian Hill,Adrian Hill,24-20,24-20,3-25,3-25,10-69,10-69
2019_04_OAK_IND,Scott Novak,,24-31,24-31,5-35,5-35,11-80,11-80
2020_14_TEN_JAX,Adrian Hill,Adrian Hill,10-31,10-31,10-80,10-80,7-78,7-78
