game_id,old_game_id,espn_event,officials_ref,schedules_ref,espn_ref,url,fetched_utc
2016_01_GB_JAX,2016091103,400874486,Terry McAulay,Carl Cheffers,Carl Cheffers,https://site.api.espn.com/apis/site/v2/sports/football/nfl/summary?event=400874486,2026-10-03T19:02:17+00:00
2017_06_TB_ARI,2017101507,400951770,Gene Steratore,Tony Steratore,Tony Steratore,https://site.api.espn.com/apis/site/v2/sports/football/nfl/summary?event=400951770,2026-10-03T19:02:19+00:00
2017_11_DET_CHI,2017111900,400951701,Brad Allen,Gene Steratore,,https://site.api.espn.com/apis/site/v2/sports/football/nfl/summary?event=400951701,2026-10-03T19:02:20+00:00
2017_11_KC_NYG,2017111906,400951783,Gene Steratore,Brad Allen,,https://site.api.espn.com/apis/site/v2/sports/football/nfl/summary?event=400951783,2026-10-03T19:02:21+00:00
2020_05_BUF_TEN,2020101300,401220209,Brad Rogers,Carl Cheffers,Carl Cheffers,https://site.api.espn.com/apis/site/v2/sports/football/nfl/summary?event=401220209,2026-10-03T19:02:23+00:00
2020_06_CHI_CAR,2020101800,401220317,Adrian Hill,Adrian Hall,Adrian Hill,https://site.api.espn.com/apis/site/v2/sports/football/nfl/summary?event=401220317,2026-10-03T19:02:24+00:00
2020_13_DAL_BAL,2020120800,401220151,Brad Rogers,Brad Allen,Brad Allen,https://site.api.espn.com/apis/site/v2/sports/football/nfl/summary?event=401220151,2026-10-03T19:02:25+00:00
2020_15_JAX_BAL,2020122006,401220149,Carl Cheffers,Ronald Torbert,Ronald Torbert,https://site.api.espn.com/apis/site/v2/sports/football/nfl/summary?event=401220149,2026-10-03T19:02:27+00:00
2020_15_PIT_CIN,2020122100,401220156,Clay Martin,John Hussey,John Hussey,https://site.api.espn.com/apis/site/v2/sports/football/nfl/summary?event=401220156,2026-10-03T19:02:28+00:00
2020_16_PHI_DAL,2020122712,401220243,Shawn Smith,Adrian Hill,Adrian Hill,https://site.api.espn.com/apis/site/v2/sports/football/nfl/summary?event=401220243,2026-10-03T19:02:29+00:00
2021_15_NE_IND,2021121801,401326540,Carl Cheffers,,Carl Cheffers,https://site.api.espn.com/apis/site/v2/sports/football/nfl/summary?event=401326540,2026-10-03T19:02:31+00:00
2021_15_CAR_BUF,2021121901,401326538,Land Clark,Clete Blakeman,Clete Blakeman,https://site.api.espn.com/apis/site/v2/sports/football/nfl/summary?event=401326538,2026-10-03T19:02:32+00:00
2021_15_ARI_DET,2021121903,401326544,Jerome Boger,Land Clark,Land Clark,https://site.api.espn.com/apis/site/v2/sports/football/nfl/summary?event=401326544,2026-10-03T19:02:33+00:00
2021_15_HOU_JAX,2021121905,401326545,Adrian Hill,Alex Kemp,Alex Kemp,https://site.api.espn.com/apis/site/v2/sports/football/nfl/summary?event=401326545,2026-10-03T19:02:34+00:00
2021_15_NYJ_MIA,2021121906,401326541,Clay Martin,Ronald Torbert,Ronald Torbert,https://site.api.espn.com/apis/site/v2/sports/football/nfl/summary?event=401326541,2026-10-03T19:02:36+00:00
2021_15_DAL_NYG,2021121907,401326546,,Jerome Boger,Jerome Boger,https://site.api.espn.com/apis/site/v2/sports/football/nfl/summary?event=401326546,2026-10-03T19:02:37+00:00
2021_15_TEN_PIT,2021121909,401326547,Clete Blakeman,Brad Rogers,Brad Rogers,https://site.api.espn.com/apis/site/v2/sports/football/nfl/summary?event=401326547,2026-10-03T19:02:38+00:00
2021_15_CIN_DEN,2021121910,401326548,Ronald Torbert,Adrian Hill,Adrian Hill,https://site.api.espn.com/apis/site/v2/sports/football/nfl/summary?event=401326548,2026-10-03T19:02:40+00:00
2021_15_ATL_SF,2021121911,401326549,,Clay Martin,Clay Martin,https://site.api.espn.com/apis/site/v2/sports/football/nfl/summary?event=401326549,2026-10-03T19:02:41+00:00
2021_15_NO_TB,2021121913,401326551,,John Hussey,John Hussey,https://site.api.espn.com/apis/site/v2/sports/football/nfl/summary?event=401326551,2026-10-03T19:02:42+00:00
2021_17_KC_CIN,2022010202,401326571,Ronald Torbert,John Hussey,Ronald Torbert,https://site.api.espn.com/apis/site/v2/sports/football/nfl/summary?event=401326571,2026-10-03T19:02:43+00:00
2022_01_JAX_WAS,2022091109,401437646,Scott Novak,Tra Blake,Tra Blake,https://site.api.espn.com/apis/site/v2/sports/football/nfl/summary?event=401437646,2026-10-03T19:02:44+00:00
2022_01_KC_ARI,2022091110,401437653,Shawn Smith,Scott Novak,Scott Novak,https://site.api.espn.com/apis/site/v2/sports/football/nfl/summary?event=401437653,2026-10-03T19:02:46+00:00
2022_01_LV_LAC,2022091111,401437643,Bill Vinovich,Shawn Smith,Shawn Smith,https://site.api.espn.com/apis/site/v2/sports/football/nfl/summary?event=401437643,2026-10-03T19:02:47+00:00
2022_01_GB_MIN,2022091112,401437649,Jerome Boger,Bill Vinovich,Bill Vinovich,https://site.api.espn.com/apis/site/v2/sports/football/nfl/summary?event=401437649,2026-10-03T19:02:48+00:00
2022_01_NYG_TEN,2022091108,401437640,Tra Blake,Jerome Boger,,https://site.api.espn.com/apis/site/v2/sports/football/nfl/summary?event=401437640,2026-10-03T19:02:49+00:00
2023_05_GB_LV,2023100900,401547468,Brad Allen,Alan Eck,Brad Allen,https://site.api.espn.com/apis/site/v2/sports/football/nfl/summary?event=401547468,2026-10-03T19:02:51+00:00
2024_02_NO_DAL,2024091502,401671709,Shawn Smith,Adrian Hill,Shawn Smith,https://site.api.espn.com/apis/site/v2/sports/football/nfl/summary?event=401671709,2026-10-03T19:02:52+00:00
2024_08_PHI_CIN,2024102710,401671667,Scott Novak,John Hussey,Scott Novak,https://site.api.espn.com/apis/site/v2/sports/football/nfl/summary?event=401671667,2026-10-03T19:02:53+00:00
2024_12_BAL_LAC,2024112500,401671689,Carl Cheffers,Craig Wrolstad,Carl Cheffers,https://site.api.espn.com/apis/site/v2/sports/football/nfl/summary?event=401671689,2026-10-03T19:02:54+00:00
2025_13_NYG_NE,2025120100,401772821,Shawn Smith,Alex Kemp,Shawn Smith,https://site.api.espn.com/apis/site/v2/sports/football/nfl/summary?event=401772821,2026-10-03T19:02:56+00:00
