ecosystem,cluster,package,ghsa_ids,severity,P,P_ghsa,registry_status,n_fixed,fixed_hi,F_hi,F_earliest,ai_stack,repo,D,D_earliest,D_ghsa,year,sev2,is_repo,P_repo,P_pub,D_pub,lag
PyPI,GHSA-2956-977x-2w3r,flyto-core,GHSA-2956-977x-2w3r,CRITICAL,2026-07-29 19:16:52+00:00,2026-07-30 14:46:43+00:00,ok,1,2.26.7,2026-07-08 02:02:06.253451+00:00,2026-07-08 02:02:06.253451+00:00,False,flytohub/flyto-core,21.718585029502314,21.718585029502314,22.530980862835648,2026,critical/high,True,2026-07-07 15:17:03+00:00,2026-07-07 15:17:03+00:00,-0.447954322349537,22.166539351851853
PyPI,GHSA-29gw-9793-fvw7,ipython,GHSA-29gw-9793-fvw7,LOW,2023-02-10 19:55:53+00:00,2023-02-10 19:55:53+00:00,ok,1,8.10.0,2023-02-10 09:51:29.252795+00:00,2023-02-10 09:51:29.252795+00:00,False,ipython/ipython,0.41971929635416666,0.41971929635416666,0.41971929635416666,2023,moderate/low,True,2023-02-10 09:23:53+00:00,2023-02-10 09:23:53+00:00,-0.019169592534722224,0.4388888888888889
PyPI,GHSA-2gxp-6r36-m97r,cadwyn,GHSA-2gxp-6r36-m97r,HIGH,2025-07-21 14:08:40+00:00,2025-07-21 14:08:40+00:00,ok,1,5.4.3,2025-07-05 17:34:43.849541+00:00,2025-07-05 17:34:43.849541+00:00,False,zmievsa/cadwyn,15.856899889571759,15.856899889571759,15.856899889571759,2025,critical/high,True,2025-07-20 15:29:09+00:00,2025-07-20 15:29:09+00:00,14.912791093275462,0.9441087962962963
PyPI,GHSA-2p9g-x3cv-5hh4,weblate,GHSA-2p9g-x3cv-5hh4,MODERATE,2026-08-26 21:16:38+00:00,2026-08-28 18:46:54+00:00,ok,1,2026.7,2026-07-01 15:10:15.988304+00:00,2026-07-01 15:10:15.988304+00:00,False,weblateorg/weblate,56.254421431666664,56.254421431666664,58.15043995018518,2026,moderate/low,True,2026-07-11 05:48:02+00:00,2026-07-11 05:48:02+00:00,9.609560320555556,46.64486111111111
PyPI,GHSA-2q2q-jr9g-v9rf,weblate,GHSA-2q2q-jr9g-v9rf,HIGH,2026-08-26 21:16:38+00:00,2026-08-28 18:47:29+00:00,ok,1,2026.7,2026-07-01 15:10:15.988304+00:00,2026-07-01 15:10:15.988304+00:00,False,weblateorg/weblate,56.254421431666664,56.254421431666664,58.150845042777775,2026,critical/high,True,2026-07-11 05:48:05+00:00,2026-07-11 05:48:05+00:00,9.609595042777778,46.64482638888889
PyPI,GHSA-2v2f-mvfg-ph56,meta-ads-mcp,GHSA-2v2f-mvfg-ph56,HIGH,2026-07-17 18:48:54+00:00,2026-07-17 18:48:54+00:00,ok,1,1.0.115,2026-06-05 18:57:51.865400+00:00,2026-06-05 18:57:51.865400+00:00,False,pipeboard-co/meta-ads-mcp,41.99377470601852,41.99377470601852,41.99377470601852,2026,critical/high,True,2026-06-05 19:31:40+00:00,2026-06-05 19:31:40+00:00,0.023473780092592593,41.970300925925926
PyPI,GHSA-3382-gw9x-477v,weblate,GHSA-3382-gw9x-477v,HIGH,2026-04-15 19:16:36+00:00,2026-04-16 20:43:48+00:00,ok,1,5.17,2026-04-15 07:47:05.650126+00:00,2026-04-15 07:47:05.650126+00:00,False,weblateorg/weblate,0.47882349391203705,0.47882349391203705,1.5393790494675927,2026,critical/high,True,2026-04-15 13:07:57+00:00,2026-04-15 13:07:57+00:00,0.22281654946759258,0.25600694444444444
PyPI,GHSA-33fm-6gp7-4p47,weblate,GHSA-33fm-6gp7-4p47,MODERATE,2026-02-17 16:37:55+00:00,2026-02-17 16:37:55+00:00,ok,1,5.16.0,2026-02-16 15:14:30.166229+00:00,2026-02-16 15:14:30.166229+00:00,False,weblateorg/weblate,1.0579263167939816,1.0579263167939816,1.0579263167939816,2026,moderate/low,True,2026-02-16 18:43:25+00:00,2026-02-16 18:43:25+00:00,0.14507909457175924,0.9128472222222223
PyPI,GHSA-377j-wj38-4728,weblate,GHSA-377j-wj38-4728,LOW,2025-09-04 14:06:15+00:00,2025-09-04 14:06:15+00:00,ok,1,5.13.1,2025-09-04 12:06:27.083343+00:00,2025-09-04 12:06:27.083343+00:00,False,weblateorg/weblate,0.08319347982638889,0.08319347982638889,0.08319347982638889,2025,moderate/low,True,2025-09-04 12:04:20+00:00,2025-09-04 12:04:20+00:00,-0.001470872025462963,0.08466435185185185
PyPI,GHSA-3872-f48p-pxqj,weblate,GHSA-3872-f48p-pxqj,HIGH,2022-03-04 17:15:00+00:00,2022-03-04 21:15:31+00:00,ok,1,4.11.1,2022-03-04 14:01:38.498614+00:00,2022-03-04 14:01:38.498614+00:00,False,weblateorg/weblate,0.13427663641203705,0.13427663641203705,0.301302099375,2022,critical/high,True,2022-03-04 14:01:49+00:00,2022-03-04 14:01:49+00:00,0.00012154381944444444,0.1341550925925926
PyPI,GHSA-3g2f-4rjg-9385,weblate,GHSA-3g2f-4rjg-9385,LOW,2026-01-14 16:45:07+00:00,2026-01-14 16:45:07+00:00,ok,1,5.15.2,2026-01-14 14:57:50.480309+00:00,2026-01-14 14:57:50.480309+00:00,False,weblateorg/weblate,0.07449675568287037,0.07449675568287037,0.07449675568287037,2026,moderate/low,True,2026-01-14 14:57:07+00:00,2026-01-14 14:57:07+00:00,-0.0005032443171296297,0.075
PyPI,GHSA-3pmh-24wp-xpf4,weblate,GHSA-3pmh-24wp-xpf4,MODERATE,2025-12-15 22:32:03+00:00,2025-12-15 22:32:03+00:00,ok,1,5.15,2025-12-15 15:28:20.328262+00:00,2025-12-15 15:28:20.328262+00:00,False,weblateorg/weblate,0.2942438858564815,0.2942438858564815,0.2942438858564815,2025,moderate/low,True,2025-12-15 14:22:17+00:00,2025-12-15 14:22:17+00:00,-0.04587185488425926,0.34011574074074075
PyPI,GHSA-45gf-fjxp-cjpq,meta-ads-mcp,GHSA-45gf-fjxp-cjpq,HIGH,2026-07-17 18:47:31+00:00,2026-07-17 18:47:31+00:00,ok,1,1.0.115,2026-06-05 18:57:51.865400+00:00,2026-06-05 18:57:51.865400+00:00,False,pipeboard-co/meta-ads-mcp,41.99281405787037,41.99281405787037,41.99281405787037,2026,critical/high,True,2026-06-05 19:28:40+00:00,2026-06-05 19:28:40+00:00,0.02139044675925926,41.97142361111111
PyPI,GHSA-4h72-34j6-j8x7,malojaserver,GHSA-4h72-34j6-j8x7,MODERATE,2023-12-18 19:31:12+00:00,2023-12-18 19:31:12+00:00,ok,1,3.2.2,2023-12-17 03:21:11.959235+00:00,2023-12-17 03:21:11.959235+00:00,False,krateng/maloja,1.673611582928241,1.673611582928241,1.673611582928241,2023,moderate/low,True,2023-12-17 04:52:27+00:00,2023-12-17 04:52:27+00:00,0.06336852737268518,1.6102430555555556
PyPI,GHSA-558g-h753-6m33,weblate,GHSA-558g-h753-6m33,HIGH,2026-04-15 19:16:35+00:00,2026-04-16 20:41:38+00:00,ok,1,5.17,2026-04-15 07:47:05.650126+00:00,2026-04-15 07:47:05.650126+00:00,False,weblateorg/weblate,0.47881191983796295,0.47881191983796295,1.537874419837963,2026,critical/high,True,2026-04-15 13:08:08+00:00,2026-04-15 13:08:08+00:00,0.2229438642824074,0.25586805555555553
PyPI,GHSA-5cmv-3rc4-7279,weblate,GHSA-5cmv-3rc4-7279,MODERATE,2026-05-07 00:04:26+00:00,2026-05-07 00:04:26+00:00,ok,1,5.17.1,2026-04-30 11:18:50.274157+00:00,2026-04-30 11:18:50.274157+00:00,False,weblateorg/weblate,6.531663493553241,6.531663493553241,6.531663493553241,2026,moderate/low,True,2026-04-30 13:42:59+00:00,2026-04-30 13:42:59+00:00,0.10010099355324074,6.4315625
PyPI,GHSA-5fhx-9jwj-867m,weblate,GHSA-5fhx-9jwj-867m,MODERATE,2026-04-15 19:16:35+00:00,2026-04-16 20:41:59+00:00,ok,1,5.17,2026-04-15 07:47:05.650126+00:00,2026-04-15 07:47:05.650126+00:00,False,weblateorg/weblate,0.47881191983796295,0.47881191983796295,1.5381174753935185,2026,moderate/low,True,2026-04-15 13:08:16+00:00,2026-04-15 13:08:16+00:00,0.22303645687499998,0.25577546296296294
PyPI,GHSA-5h2m-4q8j-pqpj,fastmcp,GHSA-5h2m-4q8j-pqpj,HIGH,2026-03-16 15:14:55+00:00,2026-03-16 15:14:55+00:00,ok,1,2.14.2,2025-12-31 15:26:11.178858+00:00,2025-12-31 15:26:11.178858+00:00,True,prefecthq/fastmcp,74.9921738558102,74.9921738558102,74.9921738558102,2026,critical/high,True,2026-03-15 18:01:33+00:00,2026-03-15 18:01:33+00:00,74.10789144840278,0.8842824074074074
PyPI,GHSA-63vm-454h-vhhq,pyasn1,GHSA-63vm-454h-vhhq,HIGH,2026-01-16 19:16:19+00:00,2026-01-16 19:19:25+00:00,ok,1,0.6.2,2026-01-16 18:04:17.174968+00:00,2026-01-16 18:04:17.174968+00:00,False,pyasn1/pyasn1,0.050021123055555554,0.050021123055555554,0.05217390083333333,2026,critical/high,True,2026-01-16 18:08:41+00:00,2026-01-16 18:08:41+00:00,0.003053530462962963,0.046967592592592596
PyPI,GHSA-65mp-fq8v-56jr,flask-reuploaded,GHSA-65mp-fq8v-56jr,CRITICAL,2026-02-25 04:16:04+00:00,2026-02-25 19:06:50+00:00,ok,1,1.5.0,2026-02-21 08:07:27.304149+00:00,2026-02-21 08:07:27.304149+00:00,False,jugmac00/flask-reuploaded,3.8393136093865743,3.8393136093865743,4.457901572349537,2026,critical/high,True,2026-02-23 20:32:34+00:00,2026-02-23 20:32:34+00:00,2.517438609386574,1.321875
PyPI,GHSA-6j8j-4qp3-36p2,weblate,GHSA-6j8j-4qp3-36p2,MODERATE,2026-04-30 17:28:02+00:00,2026-04-30 17:28:02+00:00,ok,1,5.17.1,2026-04-30 11:18:50.274157+00:00,2026-04-30 11:18:50.274157+00:00,False,weblateorg/weblate,0.256385715775463,0.256385715775463,0.256385715775463,2026,moderate/low,True,2026-04-30 13:43:15+00:00,2026-04-30 13:43:15+00:00,0.10028617873842592,0.15609953703703705
PyPI,GHSA-6jp6-9rf9-gc66,weblate,GHSA-6jp6-9rf9-gc66,MODERATE,2022-02-25 21:15:00+00:00,2022-02-25 22:18:50+00:00,ok,1,4.11,2022-02-25 15:11:47.799977+00:00,2022-02-25 15:11:47.799977+00:00,False,weblateorg/weblate,0.25222453730324074,0.25222453730324074,0.29655324100694447,2022,moderate/low,True,2022-02-25 15:20:22+00:00,2022-02-25 15:20:22+00:00,0.005951389155092592,0.24627314814814816
PyPI,GHSA-6wxc-8mgq-w26m,weblate,GHSA-6wxc-8mgq-w26m,MODERATE,2026-05-15 17:14:37+00:00,2026-05-15 17:14:37+00:00,ok,1,2026.5,2026-05-15 08:43:01.271334+00:00,2026-05-15 08:43:01.271334+00:00,False,weblateorg/weblate,0.35527463733796294,0.35527463733796294,0.35527463733796294,2026,moderate/low,True,2026-05-15 14:27:35+00:00,2026-05-15 14:27:35+00:00,0.23927926696759258,0.11599537037037037
PyPI,GHSA-794r-5rp2-fpg8,flyto-core,GHSA-794r-5rp2-fpg8,HIGH,2026-07-06 17:30:34+00:00,2026-07-06 17:30:34+00:00,ok,1,2.26.3,2026-05-30 12:32:45.811169+00:00,2026-05-30 12:32:45.811169+00:00,False,flytohub/flyto-core,37.20680774109954,37.20680774109954,37.20680774109954,2026,critical/high,True,2026-05-30 12:34:07+00:00,2026-05-30 12:34:07+00:00,0.0009396855439814814,37.205868055555555
PyPI,GHSA-869j-r97x-hx2g,aqt,GHSA-869j-r97x-hx2g,HIGH,2026-06-19 22:10:57+00:00,2026-06-19 22:10:57+00:00,ok,1,25.9.3,2026-05-07 01:08:45.439402+00:00,2026-05-07 01:08:45.439402+00:00,False,ankitects/anki,43.876522692106484,43.876522692106484,43.876522692106484,2026,critical/high,True,2026-06-19 20:14:38+00:00,2026-06-19 20:14:38+00:00,43.795747229143515,0.08077546296296297
PyPI,GHSA-8f95-v3jq-cj86,pymonocypher,GHSA-8f95-v3jq-cj86,MODERATE,2026-07-09 13:42:46+00:00,2026-07-09 13:42:46+00:00,ok,1,4.0.2.8,2026-06-01 21:01:15.731642+00:00,2026-06-01 21:01:15.731642+00:00,False,jetperch/pymonocypher,37.695489217106484,37.695489217106484,37.695489217106484,2026,moderate/low,True,2026-06-01 21:59:16+00:00,2026-06-01 21:59:16+00:00,0.040280883773148146,37.655208333333334
PyPI,GHSA-8ppf-4f7h-5ppj,pyasn1,GHSA-8ppf-4f7h-5ppj,HIGH,2026-07-14 17:17:14+00:00,2026-07-21 19:11:03+00:00,ok,1,0.6.4,2026-07-09 01:12:32.920042+00:00,2026-07-09 01:12:32.920042+00:00,False,pyasn1/pyasn1,5.669919906921296,5.669919906921296,12.748959258773148,2026,critical/high,True,2026-07-09 01:25:22+00:00,2026-07-09 01:25:22+00:00,0.008901388402777778,5.661018518518518
PyPI,GHSA-8vcg-cfxj-p5m3,weblate,GHSA-8vcg-cfxj-p5m3,CRITICAL,2025-12-18 23:15:49+00:00,2025-12-18 23:20:35+00:00,ok,1,5.15.1,2025-12-18 20:51:30.583335+00:00,2025-12-18 20:51:30.583335+00:00,False,weblateorg/weblate,0.10021315584490742,0.10021315584490742,0.1035233410300926,2025,critical/high,True,2025-12-18 22:50:41+00:00,2025-12-18 22:50:41+00:00,0.0827594521412037,0.017453703703703704
PyPI,GHSA-937x-gpqr-72gg,flask-reuploaded,GHSA-937x-gpqr-72gg,HIGH,2026-07-17 20:11:35+00:00,2026-07-17 20:11:35+00:00,ok,1,1.6.0,2026-06-06 07:55:42.027579+00:00,2026-06-06 07:55:42.027579+00:00,False,jugmac00/flask-reuploaded,41.5110297733912,41.5110297733912,41.5110297733912,2026,critical/high,True,2026-06-06 08:06:32+00:00,2026-06-06 08:06:32+00:00,0.00752282894675926,41.503506944444446
PyPI,GHSA-98x5-vq43-vc5p,semantic-router,GHSA-98x5-vq43-vc5p,CRITICAL,2026-06-26 20:51:20+00:00,2026-06-26 20:51:20+00:00,ok,1,0.1.15,2026-05-23 12:58:14.295668+00:00,2026-05-23 12:58:14.295668+00:00,False,aurelio-labs/semantic-router,34.328538244583335,34.328538244583335,34.328538244583335,2026,critical/high,True,2026-05-23 13:21:56+00:00,2026-05-23 13:21:56+00:00,0.01645491125,34.312083333333334
PyPI,GHSA-9gw6-46qc-99vr,meta-ads-mcp,GHSA-9gw6-46qc-99vr,CRITICAL,2026-06-11 13:28:29+00:00,2026-06-11 13:28:29+00:00,ok,1,1.0.109,2026-05-20 20:15:13.498805+00:00,2026-05-20 20:15:13.498805+00:00,False,pipeboard-co/meta-ads-mcp,21.71754052309028,21.71754052309028,21.71754052309028,2026,critical/high,True,2026-05-20 20:30:52+00:00,2026-05-20 20:30:52+00:00,0.010862282349537037,21.70667824074074
PyPI,GHSA-9hjg-9r4m-mvj7,requests,GHSA-9hjg-9r4m-mvj7,MODERATE,2025-06-09 18:15:24+00:00,2025-06-09 19:06:08+00:00,ok,1,2.32.4,2025-06-09 16:43:05.728107+00:00,2025-06-09 16:43:05.728107+00:00,False,psf/requests,0.06410036913194445,0.06410036913194445,0.09933185061342592,2025,moderate/low,True,2025-06-09 16:39:53+00:00,2025-06-09 16:39:53+00:00,-0.002230649386574074,0.06633101851851853
PyPI,GHSA-9wx4-h78v-vm56,requests,GHSA-9wx4-h78v-vm56,MODERATE,2024-05-20 20:15:00+00:00,2024-05-20 20:15:00+00:00,ok,1,2.32.0,2024-05-20 16:08:19.530618+00:00,2024-05-20 16:08:19.530618+00:00,False,psf/requests,0.17130172895833332,0.17130172895833332,0.17130172895833332,2024,moderate/low,True,2024-05-20 15:29:28+00:00,2024-05-20 15:29:28+00:00,-0.026985308078703703,0.19828703703703704
PyPI,GHSA-c9hr-64h3-gxpc,flyto-core,GHSA-c9hr-64h3-gxpc,HIGH,2026-07-29 19:16:51+00:00,2026-07-30 14:48:16+00:00,ok,1,2.26.7,2026-07-08 02:02:06.253451+00:00,2026-07-08 02:02:06.253451+00:00,False,flytohub/flyto-core,21.718573455428242,21.718573455428242,22.532057251724538,2026,critical/high,True,2026-07-08 01:59:56+00:00,2026-07-08 01:59:56+00:00,-0.0015075630902777778,21.720081018518517
PyPI,GHSA-cw6h-ffmh-x6vh,aqt,GHSA-cw6h-ffmh-x6vh,MODERATE,2026-06-19 22:10:19+00:00,2026-06-19 22:10:19+00:00,ok,1,25.9.4,2026-05-08 18:48:07.822425+00:00,2026-05-08 18:48:07.822425+00:00,False,ankitects/anki,42.140407147858795,42.140407147858795,42.140407147858795,2026,moderate/low,True,2026-06-19 20:14:47+00:00,2026-06-19 20:14:47+00:00,42.06017566637732,0.08023148148148149
PyPI,GHSA-cwcx-382v-8m9g,weblate,GHSA-cwcx-382v-8m9g,MODERATE,2026-04-30 17:28:41+00:00,2026-04-30 17:28:41+00:00,ok,1,5.17.1,2026-04-30 11:18:50.274157+00:00,2026-04-30 11:18:50.274157+00:00,False,weblateorg/weblate,0.25683710466435183,0.25683710466435183,0.25683710466435183,2026,moderate/low,True,2026-04-30 13:43:10+00:00,2026-04-30 13:43:10+00:00,0.10022830836805556,0.1566087962962963
PyPI,GHSA-f38f-5xpm-9r7c,cairosvg,GHSA-f38f-5xpm-9r7c,HIGH,2026-03-13 18:57:31+00:00,2026-03-13 18:57:31+00:00,ok,1,2.9.0,2026-03-13 15:42:00.564161+00:00,2026-03-13 15:42:00.564161+00:00,False,kozea/cairosvg,0.13576893332175927,0.13576893332175927,0.13576893332175927,2026,critical/high,True,2026-03-13 15:43:04+00:00,2026-03-13 15:43:04+00:00,0.0007342110995370371,0.1350347222222222
PyPI,GHSA-f83h-ghpp-7wcc,pdfminer-six,GHSA-f83h-ghpp-7wcc,HIGH,2025-11-07 23:17:05+00:00,2025-11-07 23:17:05+00:00,ok,1,20251230,2025-12-30 15:49:10.760491+00:00,2025-12-30 15:49:10.760491+00:00,False,pdfminer/pdfminer.six,-52.68895556123842,-52.68895556123842,-52.68895556123842,2025,critical/high,True,2025-11-07 20:36:24+00:00,2025-11-07 20:36:24+00:00,-52.800541209386566,0.11158564814814814
PyPI,GHSA-f8hv-g549-hwg2,weblate,GHSA-f8hv-g549-hwg2,MODERATE,2026-04-15 19:16:36+00:00,2026-04-16 20:45:04+00:00,ok,1,5.17,2026-04-15 07:47:05.650126+00:00,2026-04-15 07:47:05.650126+00:00,False,weblateorg/weblate,0.47882349391203705,0.47882349391203705,1.5402586790972224,2026,moderate/low,True,2026-04-15 13:07:54+00:00,2026-04-15 13:07:54+00:00,0.22278182724537038,0.25604166666666667
PyPI,GHSA-ffgh-3jrf-8wvh,weblate,GHSA-ffgh-3jrf-8wvh,MODERATE,2026-04-15 19:16:37+00:00,2026-04-16 21:08:47+00:00,ok,1,5.17,2026-04-15 07:47:05.650126+00:00,2026-04-15 07:47:05.650126+00:00,False,weblateorg/weblate,0.4788350679861111,0.4788350679861111,1.5567285865046296,2026,moderate/low,True,2026-04-15 13:07:50+00:00,2026-04-15 13:07:50+00:00,0.22273553094907406,0.25609953703703703
PyPI,GHSA-fvcq-4x64-hqxr,jupyter-server-proxy,GHSA-fvcq-4x64-hqxr,CRITICAL,2024-06-11 21:12:47+00:00,2024-06-11 21:12:47+00:00,ok,2,4.2.0,2024-06-11 15:41:53.300025+00:00,2024-06-11 15:41:53.300025+00:00,False,jupyterhub/jupyter-server-proxy,0.22978819415509258,0.22978819415509258,0.22978819415509258,2024,critical/high,True,2024-06-11 21:00:16+00:00,2024-06-11 21:00:16+00:00,0.22109606452546296,0.00869212962962963
PyPI,GHSA-g925-f788-4jh7,weblate,GHSA-g925-f788-4jh7,HIGH,2025-12-18 22:58:56+00:00,2025-12-18 22:58:56+00:00,ok,1,5.15.1,2025-12-18 20:51:30.583335+00:00,2025-12-18 20:51:30.583335+00:00,False,weblateorg/weblate,0.08848861880787037,0.08848861880787037,0.08848861880787037,2025,critical/high,True,2025-12-18 22:50:36+00:00,2025-12-18 22:50:36+00:00,0.08270158177083332,0.005787037037037037
PyPI,GHSA-gc5v-m9x4-r6x2,requests,GHSA-gc5v-m9x4-r6x2,MODERATE,2026-03-25 16:56:28+00:00,2026-03-25 16:56:28+00:00,ok,1,2.33.0,2026-03-25 15:10:40.382036+00:00,2026-03-25 15:10:40.382036+00:00,False,psf/requests,0.07346780050925926,0.07346780050925926,0.07346780050925926,2026,moderate/low,True,2026-03-25 14:58:31+00:00,2026-03-25 14:58:31+00:00,-0.008441921712962963,0.08190972222222222
PyPI,GHSA-gcg5-86jr-f7jg,weblate,GHSA-gcg5-86jr-f7jg,MODERATE,2026-05-07 00:03:50+00:00,2026-05-07 00:03:50+00:00,ok,1,5.17.1,2026-04-30 11:18:50.274157+00:00,2026-04-30 11:18:50.274157+00:00,False,weblateorg/weblate,6.531246826886574,6.531246826886574,6.531246826886574,2026,moderate/low,True,2026-04-30 13:43:02+00:00,2026-04-30 13:43:02+00:00,0.10013571577546297,6.431111111111111
PyPI,GHSA-gcv9-6737-pjqw,jupyter-server-proxy,GHSA-gcv9-6737-pjqw,MODERATE,2022-01-25 14:15:00+00:00,2022-01-27 16:24:26+00:00,ok,1,3.2.1,2022-01-24 23:18:09.164319+00:00,2022-01-24 23:18:09.164319+00:00,False,jupyterhub/jupyter-server-proxy,0.6228105981597222,0.6228105981597222,2.7126948574189815,2022,moderate/low,True,2022-01-24 23:21:56+00:00,2022-01-24 23:21:56+00:00,0.002625412974537037,0.6201851851851852
PyPI,GHSA-gphh-9q3h-jgpp,banks,GHSA-gphh-9q3h-jgpp,HIGH,2026-05-08 20:36:22+00:00,2026-05-08 20:36:22+00:00,ok,1,2.4.2,2026-04-27 12:15:20.785207+00:00,2026-04-27 12:15:20.785207+00:00,False,masci/banks,11.347930726770834,11.347930726770834,11.347930726770834,2026,critical/high,True,2026-05-06 07:17:17+00:00,2026-05-06 07:17:17+00:00,8.793011745289352,2.5549189814814817
PyPI,GHSA-gr35-vpx2-qxhc,weblate,GHSA-gr35-vpx2-qxhc,LOW,2025-11-05 18:45:59+00:00,2025-11-05 18:45:59+00:00,ok,1,5.14.1,2025-11-05 09:13:16.741894+00:00,2025-11-05 09:13:16.741894+00:00,False,weblateorg/weblate,0.39771132067129633,0.39771132067129633,0.39771132067129633,2025,moderate/low,True,2025-11-05 12:13:00+00:00,2025-11-05 12:13:00+00:00,0.1248062280787037,0.2729050925925926
PyPI,GHSA-h9f9-h6gm-wc85,flyto-core,GHSA-h9f9-h6gm-wc85,HIGH,2026-07-06 17:41:03+00:00,2026-07-06 17:41:03+00:00,ok,1,2.26.4,2026-05-30 13:02:54.419845+00:00,2026-05-30 13:02:54.419845+00:00,False,flytohub/flyto-core,37.1931548629051,37.1931548629051,37.1931548629051,2026,critical/high,True,2026-05-30 13:06:14+00:00,2026-05-30 13:06:14+00:00,0.002309955497685185,37.19084490740741
PyPI,GHSA-hfpv-mc5v-p9mm,weblate,GHSA-hfpv-mc5v-p9mm,MODERATE,2025-12-16 00:16:02+00:00,2026-05-26 16:41:13+00:00,ok,1,5.15,2025-12-15 15:28:20.328262+00:00,2025-12-15 15:28:20.328262+00:00,False,weblateorg/weblate,0.36645453400462963,0.36645453400462963,162.05060962659724,2025,moderate/low,True,2025-12-15 14:22:08+00:00,2025-12-15 14:22:08+00:00,-0.04597602155092593,0.4124305555555556
PyPI,GHSA-hm4w-wwcw-mr6r,pyasn1,GHSA-hm4w-wwcw-mr6r,HIGH,2026-07-14 17:17:15+00:00,2026-07-21 19:11:20+00:00,ok,1,0.6.4,2026-07-09 01:12:32.920042+00:00,2026-07-09 01:12:32.920042+00:00,False,pyasn1/pyasn1,5.66993148099537,5.66993148099537,12.749156018032407,2026,critical/high,True,2026-07-09 01:25:07+00:00,2026-07-09 01:25:07+00:00,0.008727777291666667,5.661203703703704
PyPI,GHSA-hr7p-wg7r-hg9m,flyto-core,GHSA-hr7p-wg7r-hg9m,HIGH,2026-07-29 19:16:51+00:00,2026-07-30 14:47:01+00:00,ok,1,2.26.7,2026-07-08 02:02:06.253451+00:00,2026-07-08 02:02:06.253451+00:00,False,flytohub/flyto-core,21.718573455428242,21.718573455428242,22.53118919616898,2026,critical/high,True,2026-07-07 15:18:31+00:00,2026-07-07 15:18:31+00:00,-0.4469358038310185,22.16550925925926
PyPI,GHSA-hv99-mxm5-q397,weblate,GHSA-hv99-mxm5-q397,HIGH,2026-04-15 19:16:35+00:00,2026-04-16 20:43:11+00:00,ok,1,5.17,2026-04-15 07:47:05.650126+00:00,2026-04-15 07:47:05.650126+00:00,False,weblateorg/weblate,0.47881191983796295,0.47881191983796295,1.538950808726852,2026,critical/high,True,2026-04-15 13:08:05+00:00,2026-04-15 13:08:05+00:00,0.22290914206018517,0.25590277777777776
PyPI,GHSA-j8r2-6x86-q33q,requests,GHSA-j8r2-6x86-q33q,MODERATE,2023-05-22 20:36:32+00:00,2023-05-22 20:36:32+00:00,ok,1,2.31.0,2023-05-22 15:12:42.313790+00:00,2023-05-22 15:12:42.313790+00:00,False,psf/requests,0.22488062743055556,0.22488062743055556,0.22488062743055556,2023,moderate/low,True,2023-05-22 15:13:30+00:00,2023-05-22 15:13:30+00:00,0.0005519237268518519,0.2243287037037037
PyPI,GHSA-jfgp-674x-6q4p,weblate,GHSA-jfgp-674x-6q4p,LOW,2024-07-01 19:15:05+00:00,2024-07-01 21:02:30+00:00,ok,1,5.6.2,2024-07-01 06:33:21.740186+00:00,2024-07-01 06:33:21.740186+00:00,False,weblateorg/weblate,0.5289729145138888,0.5289729145138888,0.6035678219212962,2024,moderate/low,True,2024-07-01 06:31:28+00:00,2024-07-01 06:31:28+00:00,-0.001316437337962963,0.5302893518518519
PyPI,GHSA-jr27-m4p2-rc6r,pyasn1,GHSA-jr27-m4p2-rc6r,HIGH,2026-03-17 16:17:33+00:00,2026-03-17 16:17:33+00:00,ok,1,0.6.3,2026-03-17 01:06:52.036000+00:00,2026-03-17 01:06:52.036000+00:00,False,pyasn1/pyasn1,0.6324185648148148,0.6324185648148148,0.6324185648148148,2026,critical/high,True,2026-03-17 00:58:27+00:00,2026-03-17 00:58:27+00:00,-0.005845324074074074,0.6382638888888889
PyPI,GHSA-jx74-cqjv-2c67,flyto-core,GHSA-jx74-cqjv-2c67,CRITICAL,2026-07-29 19:16:51+00:00,2026-07-30 14:47:41+00:00,ok,1,2.26.7,2026-07-08 02:02:06.253451+00:00,2026-07-08 02:02:06.253451+00:00,False,flytohub/flyto-core,21.718573455428242,21.718573455428242,22.531652159131944,2026,critical/high,True,2026-07-08 01:58:03+00:00,2026-07-08 01:58:03+00:00,-0.002815433460648148,21.72138888888889
PyPI,GHSA-m4p7-r5rc-7g4j,pyasn1,GHSA-m4p7-r5rc-7g4j,HIGH,2026-07-14 17:17:14+00:00,2026-07-21 19:10:11+00:00,ok,1,0.6.4,2026-07-09 01:12:32.920042+00:00,2026-07-09 01:12:32.920042+00:00,False,pyasn1/pyasn1,5.669919906921296,5.669919906921296,12.748357406921295,2026,critical/high,True,2026-07-09 01:25:17+00:00,2026-07-09 01:25:17+00:00,0.008843518032407408,5.661076388888889
PyPI,GHSA-m67m-3p5g-cw9j,weblate,GHSA-m67m-3p5g-cw9j,LOW,2025-04-15 14:20:38+00:00,2025-04-15 14:20:38+00:00,ok,1,5.11,2025-04-15 08:38:52.485836+00:00,2025-04-15 08:38:52.485836+00:00,False,weblateorg/weblate,0.2373323398611111,0.2373323398611111,0.2373323398611111,2025,moderate/low,True,2025-04-15 08:40:18+00:00,2025-04-15 08:40:18+00:00,0.0009897472685185184,0.2363425925925926
PyPI,GHSA-m6hq-f4w9-qrjj,weblate,GHSA-m6hq-f4w9-qrjj,LOW,2025-12-15 19:58:09+00:00,2025-12-15 19:58:09+00:00,ok,1,5.15,2025-12-15 15:28:20.328262+00:00,2025-12-15 15:28:20.328262+00:00,False,weblateorg/weblate,0.18736888585648148,0.18736888585648148,0.18736888585648148,2025,moderate/low,True,2025-12-15 14:22:05+00:00,2025-12-15 14:22:05+00:00,-0.04601074377314815,0.23337962962962963
PyPI,GHSA-m8x7-r2rg-vh5g,fastmcp,GHSA-m8x7-r2rg-vh5g,MODERATE,2026-03-31 22:24:15+00:00,2026-03-31 22:24:15+00:00,ok,1,3.2.0,2026-03-30 20:25:35.499288+00:00,2026-03-30 20:25:35.499288+00:00,True,prefecthq/fastmcp,1.082401628611111,1.082401628611111,1.082401628611111,2026,moderate/low,True,2026-03-31 14:43:20+00:00,2026-03-31 14:43:20+00:00,0.7623206100925926,0.3200810185185185
PyPI,GHSA-mc9m-6fm9-pghc,zoo-kcl,GHSA-mc9m-6fm9-pghc,MODERATE,2026-08-20 18:34:11+00:00,2026-08-20 18:34:11+00:00,ok,1,0.3.153,2026-05-12 16:40:07.259927+00:00,2026-05-12 16:40:07.259927+00:00,False,kittycad/modeling-app,100.0792099545486,100.0792099545486,100.0792099545486,2026,moderate/low,True,2026-06-12 12:46:24+00:00,2026-06-12 12:46:24+00:00,30.83769375084491,69.24151620370371
PyPI,GHSA-mpf5-3vph-q75r,weblate,GHSA-mpf5-3vph-q75r,MODERATE,2026-04-15 18:17:20+00:00,2026-04-16 20:41:19+00:00,ok,1,5.17,2026-04-15 07:47:05.650126+00:00,2026-04-15 07:47:05.650126+00:00,False,weblateorg/weblate,0.4376660865046296,0.4376660865046296,1.5376545124305556,2026,moderate/low,True,2026-04-15 13:08:10+00:00,2026-04-15 13:08:10+00:00,0.22296701243055556,0.21469907407407407
PyPI,GHSA-mqph-7h49-hqfm,weblate,GHSA-mqph-7h49-hqfm,MODERATE,2026-04-15 19:16:35+00:00,2026-04-16 20:41:29+00:00,ok,1,5.17,2026-04-15 07:47:05.650126+00:00,2026-04-15 07:47:05.650126+00:00,False,weblateorg/weblate,0.47881191983796295,0.47881191983796295,1.5377702531712965,2026,moderate/low,True,2026-04-15 13:08:19+00:00,2026-04-15 13:08:19+00:00,0.2230711790972222,0.25574074074074077
PyPI,GHSA-pgwh-4jj4-qm8v,flyto-core,GHSA-pgwh-4jj4-qm8v,HIGH,2026-07-29 19:16:52+00:00,2026-07-30 14:48:05+00:00,ok,1,2.26.7,2026-07-08 02:02:06.253451+00:00,2026-07-08 02:02:06.253451+00:00,False,flytohub/flyto-core,21.718585029502314,21.718585029502314,22.531929936909723,2026,critical/high,True,2026-07-08 01:59:13+00:00,2026-07-08 01:59:13+00:00,-0.002005248275462963,21.720590277777777
PyPI,GHSA-pj86-258h-qrvf,weblate,GHSA-pj86-258h-qrvf,MODERATE,2025-12-15 22:01:04+00:00,2025-12-15 22:01:04+00:00,ok,1,5.15,2025-12-15 15:28:20.328262+00:00,2025-12-15 15:28:20.328262+00:00,False,weblateorg/weblate,0.27272768215277776,0.27272768215277776,0.27272768215277776,2025,moderate/low,True,2025-12-15 14:22:14+00:00,2025-12-15 14:22:14+00:00,-0.04590657710648148,0.31863425925925926
PyPI,GHSA-pq7m-3gw7-gq5x,ipython,GHSA-pq7m-3gw7-gq5x,HIGH,2022-01-19 22:15:00+00:00,2022-01-21 18:55:30+00:00,ok,4,8.0.1,2022-01-19 13:27:45.266946+00:00,2022-01-19 13:27:45.266946+00:00,False,ipython/ipython,0.36614274368055555,0.36614274368055555,2.227601077013889,2022,critical/high,True,2022-01-19 13:42:50+00:00,2022-01-19 13:42:50+00:00,0.01047144738425926,0.3556712962962963
PyPI,GHSA-pr85-w493-9w3x,resdata,GHSA-pr85-w493-9w3x,CRITICAL,2026-08-18 20:11:04+00:00,2026-08-18 20:11:04+00:00,ok,1,6.2.9,2026-05-18 08:43:36.530381+00:00,2026-05-18 08:43:36.530381+00:00,False,equinor/resdata,92.47740126873843,92.47740126873843,92.47740126873843,2026,critical/high,True,2026-06-11 08:14:32+00:00,2026-06-11 08:14:32+00:00,23.979808676145833,68.4975925925926
PyPI,GHSA-qc9x-gjcv-465w,pipenv,GHSA-qc9x-gjcv-465w,HIGH,2022-01-10 21:15:00+00:00,2022-01-12 22:29:41+00:00,ok,1,2022.1.8,2022-01-08 15:34:11.913501+00:00,2022-01-08 15:34:11.913501+00:00,False,pypa/pipenv,2.2366676678125,2.2366676678125,4.288531093738427,2022,critical/high,True,2022-01-08 15:29:39+00:00,2022-01-08 15:29:39+00:00,-0.003158721076388889,2.239826388888889
PyPI,GHSA-qq9q-xgm3-xv9g,flyto-core,GHSA-qq9q-xgm3-xv9g,HIGH,2026-07-29 19:16:51+00:00,2026-07-30 14:47:16+00:00,ok,1,2.26.7,2026-07-08 02:02:06.253451+00:00,2026-07-08 02:02:06.253451+00:00,False,flytohub/flyto-core,21.718573455428242,21.718573455428242,22.531362807280093,2026,critical/high,True,2026-07-07 15:19:21+00:00,2026-07-07 15:19:21+00:00,-0.4463571001273148,22.164930555555557
PyPI,GHSA-rwmf-w63j-p7gv,cairosvg,GHSA-rwmf-w63j-p7gv,HIGH,2023-03-20 16:15:00+00:00,2023-03-20 21:27:15+00:00,ok,1,2.7.0,2023-03-20 14:33:52.836721+00:00,2023-03-20 14:33:52.836721+00:00,False,kozea/cairosvg,0.07022179721064815,0.07022179721064815,0.28706207498842595,2023,critical/high,True,2023-03-20 14:35:42+00:00,2023-03-20 14:35:42+00:00,0.0012634638773148148,0.06895833333333333
PyPI,GHSA-rww4-4w9c-7733,fastmcp,GHSA-rww4-4w9c-7733,HIGH,2026-03-31 22:32:28+00:00,2026-03-31 22:32:28+00:00,ok,1,3.2.0,2026-03-30 20:25:35.499288+00:00,2026-03-30 20:25:35.499288+00:00,True,prefecthq/fastmcp,1.0881076471296296,1.0881076471296296,1.0881076471296296,2026,critical/high,True,2026-03-31 14:43:07+00:00,2026-03-31 14:43:07+00:00,0.7621701471296296,0.3259375
PyPI,GHSA-vj45-x3pj-f4w4,weblate,GHSA-vj45-x3pj-f4w4,LOW,2026-04-15 18:17:19+00:00,2026-04-16 20:41:10+00:00,ok,1,5.17,2026-04-15 07:47:05.650126+00:00,2026-04-15 07:47:05.650126+00:00,False,weblateorg/weblate,0.43765451243055553,0.43765451243055553,1.537550345763889,2026,moderate/low,True,2026-04-15 13:08:13+00:00,2026-04-15 13:08:13+00:00,0.22300173465277778,0.21465277777777778
PyPI,GHSA-vmfc-9982-2m45,weblate,GHSA-vmfc-9982-2m45,MODERATE,2026-06-10 20:17:29+00:00,2026-07-07 23:46:33+00:00,ok,1,2026.6,2026-06-01 07:06:27.202049+00:00,2026-06-01 07:06:27.202049+00:00,False,weblateorg/weblate,9.549326365173611,9.549326365173611,36.6945115503588,2026,moderate/low,True,2026-06-01 08:25:40+00:00,2026-06-01 08:25:40+00:00,0.055009235543981475,9.49431712962963
PyPI,GHSA-vv7q-7jx5-f767,fastmcp,GHSA-vv7q-7jx5-f767,CRITICAL,2026-03-31 22:53:21+00:00,2026-03-31 22:53:21+00:00,ok,1,3.2.0,2026-03-30 20:25:35.499288+00:00,2026-03-30 20:25:35.499288+00:00,True,prefecthq/fastmcp,1.1026099619444443,1.1026099619444443,1.1026099619444443,2026,critical/high,True,2026-03-31 14:42:36+00:00,2026-03-31 14:42:36+00:00,0.7618113508333333,0.3407986111111111
PyPI,GHSA-w3vc-fx9p-wp4v,jupyter-server-proxy,GHSA-w3vc-fx9p-wp4v,CRITICAL,2024-03-20 15:22:02+00:00,2024-03-20 15:22:02+00:00,ok,2,4.1.1,2024-03-13 09:04:18.238298+00:00,2024-03-13 09:04:18.238298+00:00,False,jupyterhub/jupyter-server-proxy,7.2623120567361115,7.2623120567361115,7.2623120567361115,2024,critical/high,True,2024-03-19 19:50:12+00:00,2024-03-19 19:50:12+00:00,6.448538908587963,0.8137731481481482
PyPI,GHSA-wf5f-4jwr-ppcp,pdfminer-six,GHSA-wf5f-4jwr-ppcp,HIGH,2025-11-07 20:52:24+00:00,2025-11-07 20:52:24+00:00,ok,1,20251107,2025-11-07 20:01:08.722374+00:00,2025-11-07 20:01:08.722374+00:00,False,pdfminer/pdfminer.six,0.03559349104166667,0.03559349104166667,0.03559349104166667,2025,critical/high,True,2025-11-07 19:53:07+00:00,2025-11-07 19:53:07+00:00,-0.0055754904398148146,0.04116898148148148
PyPI,GHSA-wppc-7cq7-cgfv,weblate,GHSA-wppc-7cq7-cgfv,MODERATE,2026-02-26 19:45:06+00:00,2026-02-26 19:45:06+00:00,ok,1,5.16.1,2026-02-26 07:13:23.944538+00:00,2026-02-26 07:13:23.944538+00:00,False,weblateorg/weblate,0.5220145308101851,0.5220145308101851,0.5220145308101851,2026,moderate/low,True,2026-02-26 09:38:58+00:00,2026-02-26 09:38:58+00:00,0.10108860488425926,0.4209259259259259
PyPI,GHSA-x2rj-828p-hx9m,xinference,GHSA-x2rj-828p-hx9m,CRITICAL,2026-08-21 20:56:37+00:00,2026-08-21 20:56:37+00:00,ok,1,2.7.0,2026-04-25 07:22:43.014788+00:00,2026-04-25 07:22:43.014788+00:00,False,xorbitsai/inference,118.56520816217592,118.56520816217592,118.56520816217592,2026,critical/high,True,2026-07-13 02:10:31+00:00,2026-07-13 02:10:31+00:00,78.78319427328704,39.78201388888889
PyPI,GHSA-x8wg-4xgc-vr54,banks,GHSA-x8wg-4xgc-vr54,MODERATE,2026-08-20 17:19:40+00:00,2026-09-02 14:38:24+00:00,ok,1,2.4.5,2026-07-07 08:14:10.974787+00:00,2026-07-07 08:14:10.974787+00:00,False,masci/banks,44.3788081621875,44.3788081621875,57.26681742144677,2026,moderate/low,True,2026-08-07 07:20:08+00:00,2026-08-07 07:20:08+00:00,30.962465569594904,13.416342592592592
PyPI,GHSA-xrwr-fcw6-fmq8,weblate,GHSA-xrwr-fcw6-fmq8,MODERATE,2026-04-15 19:16:35+00:00,2026-04-16 20:43:38+00:00,ok,1,5.17,2026-04-15 07:47:05.650126+00:00,2026-04-15 07:47:05.650126+00:00,False,weblateorg/weblate,0.47881191983796295,0.47881191983796295,1.539263308726852,2026,moderate/low,True,2026-04-15 13:08:02+00:00,2026-04-15 13:08:02+00:00,0.22287441983796297,0.2559375
PyPI,GHSA-xxh2-68g9-8jqr,ormar,GHSA-xxh2-68g9-8jqr,CRITICAL,2026-02-23 22:12:17+00:00,2026-02-23 22:12:17+00:00,ok,1,0.23.0,2026-02-22 13:52:08.670432+00:00,2026-02-22 13:52:08.670432+00:00,False,collerek/ormar,1.3473186292592594,1.3473186292592594,1.3473186292592594,2026,critical/high,True,2026-02-22 13:53:29+00:00,2026-02-22 13:53:29+00:00,0.0009297403703703703,1.3463888888888889
npm,GHSA-22cc-p3c6-wpvm,h3,GHSA-22cc-p3c6-wpvm,HIGH,2026-03-18 16:17:43+00:00,2026-03-18 16:17:43+00:00,ok,2,2.0.1-rc.15,2026-03-08 22:51:41.683000+00:00,2026-03-08 22:47:41.521000+00:00,False,h3js/h3,9.726404131944445,9.729183784722222,9.726404131944445,2026,critical/high,True,2026-03-17 11:38:35+00:00,2026-03-17 11:38:35+00:00,8.532561539351851,1.1938425925925926
npm,GHSA-23c5-xmqv-rm74,minimatch,GHSA-23c5-xmqv-rm74,HIGH,2026-02-26 02:16:21+00:00,2026-02-26 22:07:15+00:00,ok,8,10.2.3,2026-02-25 00:19:15.056000+00:00,2026-02-25 00:19:15.056000+00:00,False,isaacs/minimatch,1.0813187962962962,1.0813187962962962,1.908332685185185,2026,critical/high,True,2026-02-25 00:18:57+00:00,2026-02-25 00:18:57+00:00,-0.00020898148148148149,1.0815277777777779
npm,GHSA-26f5-8h2x-34xh,h3,GHSA-26f5-8h2x-34xh,MODERATE,2026-03-18 16:17:58+00:00,2026-03-18 16:17:58+00:00,ok,1,2.0.1-rc.9,2026-01-19 23:40:38.044000+00:00,2026-01-19 23:40:38.044000+00:00,False,h3js/h3,57.69259208333334,57.69259208333334,57.69259208333334,2026,moderate/low,True,2026-03-17 11:45:57+00:00,2026-03-17 11:45:57+00:00,56.503691620370375,1.188900462962963
npm,GHSA-29h2-jr22-frmh,@openzeppelin/confidential-contracts,GHSA-29h2-jr22-frmh,HIGH,2026-09-25 19:31:08+00:00,2026-09-25 19:31:08+00:00,ok,3,0.5.2,2026-08-05 12:07:39.841000+00:00,2026-08-05 12:07:39.841000+00:00,False,openzeppelin/openzeppelin-confidential-contracts,51.30796480324074,51.30796480324074,51.30796480324074,2026,critical/high,True,2026-07-31 02:08:53+00:00,2026-07-31 02:08:53+00:00,-5.415819918981482,56.72378472222222
npm,GHSA-2j6q-whv2-gh6w,h3,GHSA-2j6q-whv2-gh6w,LOW,2026-03-20 20:50:27+00:00,2026-03-20 20:50:27+00:00,ok,1,2.0.1-rc.17,2026-03-19 20:44:20.558000+00:00,2026-03-19 20:44:20.558000+00:00,False,h3js/h3,1.004241226851852,1.004241226851852,1.004241226851852,2026,moderate/low,True,2026-03-20 17:34:15+00:00,2026-03-20 17:34:15+00:00,0.8679912268518518,0.13625
npm,GHSA-2mhw-wcx5-v3xj,scim-patch,GHSA-2mhw-wcx5-v3xj,MODERATE,2026-09-23 15:17:15+00:00,2026-09-28 14:01:15+00:00,ok,1,0.9.2,2026-06-24 17:11:58.397000+00:00,2026-06-24 17:11:58.397000+00:00,False,thomaspoignant/scim-patch,90.92033105324074,90.92033105324074,95.86755327546297,2026,moderate/low,True,2026-06-24 17:13:03+00:00,2026-06-24 17:13:03+00:00,0.0007477199074074073,90.91958333333334
npm,GHSA-325j-mg25-8q58,yayson,GHSA-325j-mg25-8q58,CRITICAL,2026-09-11 22:11:38+00:00,2026-09-11 22:11:38+00:00,ok,1,4.3.0,2026-06-22 08:29:44.579000+00:00,2026-06-22 08:29:44.579000+00:00,False,confetti/yayson,81.5707571875,81.5707571875,81.5707571875,2026,critical/high,True,2026-06-22 10:04:45+00:00,2026-06-22 10:04:45+00:00,0.06597709490740741,81.5047800925926
npm,GHSA-35w3-6qhc-474v,@workos-inc/authkit-nextjs,GHSA-35w3-6qhc-474v,MODERATE,2024-03-29 16:15:08+00:00,2024-03-29 20:16:00+00:00,ok,1,0.4.2,2024-03-28 18:44:09.119000+00:00,2024-03-28 18:44:09.119000+00:00,False,workos/authkit-nextjs,0.8965148263888888,0.8965148263888888,1.0637833449074074,2024,moderate/low,True,2024-03-28 22:26:38+00:00,2024-03-28 22:26:38+00:00,0.1545009375,0.7420138888888889
npm,GHSA-3ppc-4f35-3m26,minimatch,GHSA-3ppc-4f35-3m26,HIGH,2026-02-18 22:38:11+00:00,2026-02-18 22:38:11+00:00,ok,8,10.2.1,2026-02-17 04:33:01.229000+00:00,2026-02-17 04:33:01.229000+00:00,False,isaacs/minimatch,1.7535853125,1.7535853125,1.7535853125,2026,critical/high,True,2026-02-17 04:32:34+00:00,2026-02-17 04:32:34+00:00,-0.00031515046296296293,1.7539004629629629
npm,GHSA-3qxh-p7jc-5xh6,solid-js,GHSA-3qxh-p7jc-5xh6,HIGH,2025-02-21 22:15:14+00:00,2025-02-25 17:49:40+00:00,ok,1,1.9.4,2025-01-07 22:05:09.166000+00:00,2025-01-07 22:05:09.166000+00:00,False,solidjs/solid,45.00700039351852,45.00700039351852,48.82257909722222,2025,critical/high,True,2025-02-21 17:34:46+00:00,2025-02-21 17:34:46+00:00,44.812231874999995,0.1947685185185185
npm,GHSA-3vfr-4gwf-qxfp,whistle,GHSA-3vfr-4gwf-qxfp,HIGH,2026-07-16 20:16:45+00:00,2026-08-25 18:32:06+00:00,ok,1,2.10.3,2026-06-14 15:14:40.699000+00:00,2026-06-14 15:14:40.699000+00:00,False,avwo/whistle,32.209772002314814,32.209772002314814,72.13709839120371,2026,critical/high,True,2026-06-15 08:51:02+00:00,2026-06-15 08:51:02+00:00,0.7335798726851852,31.47619212962963
npm,GHSA-3vj8-jmxq-cgj5,h3,GHSA-3vj8-jmxq-cgj5,HIGH,2026-03-18 16:18:12+00:00,2026-03-18 16:18:12+00:00,ok,1,2.0.1-rc.15,2026-03-08 22:51:41.683000+00:00,2026-03-08 22:51:41.683000+00:00,False,h3js/h3,9.726739780092593,9.726739780092593,9.726739780092593,2026,critical/high,True,2026-03-17 11:50:55+00:00,2026-03-17 11:50:55+00:00,8.541126354166668,1.185613425925926
npm,GHSA-4c2g-hx49-7h25,hoolock,GHSA-4c2g-hx49-7h25,MODERATE,2024-01-22 23:15:08+00:00,2024-01-23 14:43:13+00:00,ok,1,2.2.1,2024-01-21 00:54:46.447000+00:00,2024-01-21 00:54:46.447000+00:00,False,elijahharry/hoolock,1.9308050115740742,1.9308050115740742,2.5753073263888893,2024,moderate/low,True,,2024-01-22 23:15:08+00:00,1.9308050115740742,
npm,GHSA-4fh9-h7wg-q85m,mdast-util-to-hast,GHSA-4fh9-h7wg-q85m,MODERATE,2025-12-01 23:15:53+00:00,2025-12-02 01:25:46+00:00,ok,1,13.2.1,2025-11-23 21:08:34.155000+00:00,2025-11-23 21:08:34.155000+00:00,False,syntax-tree/mdast-util-to-hast,8.08841255787037,8.08841255787037,8.178609317129629,2025,moderate/low,True,2025-12-01 19:28:53+00:00,2025-12-01 19:28:53+00:00,7.930773668981481,0.15763888888888888
npm,GHSA-4gmj-3p3h-gm8h,es5-ext,GHSA-4gmj-3p3h-gm8h,LOW,2024-02-26 17:15:11+00:00,2024-02-26 20:01:28+00:00,ok,1,0.10.63,2024-02-23 16:31:20.588000+00:00,2024-02-23 16:31:20.588000+00:00,False,medikoo/es5-ext,3.0304445833333333,3.0304445833333333,3.1459191203703707,2024,moderate/low,True,2024-02-26 09:03:55+00:00,2024-02-26 09:03:55+00:00,2.689287175925926,0.3411574074074074
npm,GHSA-4hxc-9384-m385,h3,GHSA-4hxc-9384-m385,MODERATE,2026-03-20 20:50:38+00:00,2026-03-20 20:50:38+00:00,ok,2,2.0.1-rc.17,2026-03-19 20:44:20.558000+00:00,2026-03-19 20:39:30.423000+00:00,False,h3js/h3,1.0043685416666666,1.007726585648148,1.0043685416666666,2026,moderate/low,True,2026-03-20 17:34:32+00:00,2026-03-20 17:34:32+00:00,0.868187986111111,0.13618055555555555
npm,GHSA-5wmg-9cvh-qw25,@workos-inc/authkit-nextjs,GHSA-5wmg-9cvh-qw25,LOW,2024-11-05 17:34:23+00:00,2024-11-05 17:34:23+00:00,ok,1,0.13.2,2024-11-04 16:10:12.124000+00:00,2024-11-04 16:10:12.124000+00:00,False,workos/authkit-nextjs,1.058459212962963,1.058459212962963,1.058459212962963,2024,moderate/low,True,2024-11-05 15:48:46+00:00,2024-11-05 15:48:46+00:00,0.9851143055555556,0.07334490740740741
npm,GHSA-64mm-vxmg-q3vj,http-proxy-middleware,GHSA-64mm-vxmg-q3vj,MODERATE,2026-06-18 13:06:11+00:00,2026-06-18 13:06:11+00:00,ok,3,4.1.0,2026-06-06 15:01:08.249000+00:00,2026-06-06 15:00:50.378000+00:00,False,chimurai/http-proxy-middleware,11.920170729166667,11.920377569444444,11.920170729166667,2026,moderate/low,True,2026-06-17 17:17:28+00:00,2026-06-17 17:17:28+00:00,11.094673043981482,0.8254976851851852
npm,GHSA-6f5r-5672-72j7,@andrea9293/mcp-documentation-server,GHSA-6f5r-5672-72j7,HIGH,2026-07-15 23:26:57+00:00,2026-07-15 23:26:57+00:00,ok,1,1.13.1,2026-06-04 21:13:33.543000+00:00,2026-06-04 21:13:33.543000+00:00,False,andrea9293/mcp-documentation-server,41.09263260416667,41.09263260416667,41.09263260416667,2026,critical/high,True,2026-06-04 22:13:26+00:00,2026-06-04 22:13:26+00:00,0.04157936342592593,41.05105324074074
npm,GHSA-6g55-p6wh-862q,postcss,GHSA-6g55-p6wh-862q,HIGH,2026-07-23 15:06:16+00:00,2026-07-23 15:06:16+00:00,ok,1,8.5.12,2026-04-26 14:23:03.643000+00:00,2026-04-26 14:23:03.643000+00:00,False,postcss/postcss,88.03000413194444,88.03000413194444,88.03000413194444,2026,critical/high,True,2026-07-20 22:11:45+00:00,2026-07-20 22:11:45+00:00,85.32547866898148,2.704525462962963
npm,GHSA-6rf4-v2fh-m6p4,suneditor,GHSA-6rf4-v2fh-m6p4,CRITICAL,2026-09-23 14:17:07+00:00,2026-09-24 14:57:55+00:00,ok,1,2.47.11,2026-07-15 16:32:17.875000+00:00,2026-07-15 16:32:17.875000+00:00,False,jihong88/suneditor,69.90612413194444,69.90612413194444,70.93445746527777,2026,critical/high,True,2026-07-15 16:34:43+00:00,2026-07-15 16:34:43+00:00,0.0016796875,69.90444444444445
npm,GHSA-72c6-fx6q-fr5w,@fastify/middie,GHSA-72c6-fx6q-fr5w,CRITICAL,2026-04-16 14:16:19+00:00,2026-04-16 22:29:04+00:00,ok,1,9.3.2,2026-04-16 03:42:23.530000+00:00,2026-04-16 03:42:23.530000+00:00,False,fastify/middie,0.44022534722222223,0.44022534722222223,0.7824128472222223,2026,critical/high,True,2026-04-16 03:39:03+00:00,2026-04-16 03:39:03+00:00,-0.0023209490740740742,0.44254629629629627
npm,GHSA-72gr-qfp7-vwhw,h3,GHSA-72gr-qfp7-vwhw,MODERATE,2026-03-20 20:50:09+00:00,2026-03-20 20:50:09+00:00,ok,1,1.15.9,2026-03-19 20:39:30.423000+00:00,2026-03-19 20:39:30.423000+00:00,False,h3js/h3,1.0073909375,1.0073909375,1.0073909375,2026,moderate/low,True,2026-03-20 17:33:07+00:00,2026-03-20 17:33:07+00:00,0.8705622337962964,0.1368287037037037
npm,GHSA-7cgc-fjv4-52x6,bignum,GHSA-7cgc-fjv4-52x6,CRITICAL,2023-05-24 16:43:58+00:00,2023-05-24 16:43:58+00:00,ok,1,0.13.1,2019-12-20 06:01:22.196000+00:00,2019-12-20 06:01:22.196000+00:00,False,justmoon/node-bignum,1251.4462477314814,1251.4462477314814,1251.4462477314814,2023,critical/high,True,2023-05-24 03:55:56+00:00,2023-05-24 03:55:56+00:00,1250.91289125,0.5333564814814815
npm,GHSA-7r86-cg39-jmmj,minimatch,GHSA-7r86-cg39-jmmj,HIGH,2026-02-26 02:16:21+00:00,2026-02-26 22:10:18+00:00,ok,8,10.2.3,2026-02-25 00:19:15.056000+00:00,2026-02-22 02:17:31.158000+00:00,False,isaacs/minimatch,1.0813187962962962,3.999187986111111,1.9104507407407405,2026,critical/high,True,2026-02-25 00:19:00+00:00,2026-02-25 00:19:00+00:00,-0.00017425925925925926,1.0814930555555555
npm,GHSA-8986-v76q-8vr2,@keep-network/tbtc-v2,GHSA-8986-v76q-8vr2,HIGH,2026-03-02 22:09:19+00:00,2026-03-02 22:09:19+00:00,ok,1,1.8.2,2026-03-02 15:13:02.133000+00:00,2026-03-02 15:13:02.133000+00:00,False,threshold-network/tbtc-v2,0.28908410879629626,0.28908410879629626,0.28908410879629626,2026,critical/high,True,2026-03-02 14:56:00+00:00,2026-03-02 14:56:00+00:00,-0.011830243055555556,0.30091435185185184
npm,GHSA-8cw4-87c7-c6xx,csv-parse,GHSA-8cw4-87c7-c6xx,MODERATE,2026-09-03 21:17:23+00:00,2026-09-08 18:01:39+00:00,ok,1,7.0.2,2026-08-02 20:18:06.960000+00:00,2026-08-02 20:18:06.960000+00:00,False,adaltas/node-csv,32.04115787037037,32.04115787037037,36.905231944444445,2026,moderate/low,True,2026-08-02 22:16:50+00:00,2026-08-02 22:16:50+00:00,0.0824425925925926,31.958715277777777
npm,GHSA-8p85-9qpw-fwgw,@fastify/middie,GHSA-8p85-9qpw-fwgw,HIGH,2026-02-27 19:16:12+00:00,2026-02-28 02:47:17+00:00,ok,1,9.2.0,2026-02-27 10:20:18.825000+00:00,2026-02-27 10:20:18.825000+00:00,False,fastify/middie,0.37214322916666664,0.37214322916666664,0.6853955439814815,2026,critical/high,True,2026-02-27 10:46:02+00:00,2026-02-27 10:46:02+00:00,0.01786082175925926,0.3542824074074074
npm,GHSA-9m6g-wc8r-q59c,scim-patch,GHSA-9m6g-wc8r-q59c,CRITICAL,2026-06-22 22:57:48+00:00,2026-06-22 22:57:48+00:00,ok,1,0.9.1,2026-05-21 13:00:50.285000+00:00,2026-05-21 13:00:50.285000+00:00,False,thomaspoignant/scim-patch,32.414556886574076,32.414556886574076,32.414556886574076,2026,critical/high,True,2026-05-21 13:04:48+00:00,2026-05-21 13:04:48+00:00,0.0027513310185185184,32.41180555555555
npm,GHSA-cxgv-px37-4mp2,@nuxt/icon,GHSA-cxgv-px37-4mp2,HIGH,2024-08-05 19:49:55+00:00,2024-08-05 19:49:55+00:00,ok,1,1.4.5,2024-08-03 16:19:43.239000+00:00,2024-08-03 16:19:43.239000+00:00,False,nuxt/icon,2.1459694560185185,2.1459694560185185,2.1459694560185185,2024,critical/high,True,2024-08-05 17:19:47+00:00,2024-08-05 17:19:47+00:00,2.0417101967592592,0.10425925925925926
npm,GHSA-cxrg-g7r8-w69p,@fastify/middie,GHSA-cxrg-g7r8-w69p,HIGH,2026-01-19 16:15:54+00:00,2026-01-20 16:34:50+00:00,ok,1,9.1.0,2026-01-03 13:39:06.257000+00:00,2026-01-03 13:39:06.257000+00:00,False,fastify/middie,16.108885914351852,16.108885914351852,17.1220340625,2026,critical/high,True,2026-01-19 11:51:50+00:00,2026-01-19 11:51:50+00:00,15.925506284722223,0.18337962962962964
npm,GHSA-fmj9-77q8-g6c4,@apollo/gateway,GHSA-fmj9-77q8-g6c4,HIGH,2024-08-27 18:14:12+00:00,2024-08-27 18:14:12+00:00,ok,1,2.8.5,2024-08-26 23:45:47.780000+00:00,2024-08-26 23:45:47.780000+00:00,False,apollographql/federation,0.7697247685185186,0.7697247685185186,0.7697247685185186,2024,critical/high,True,2024-08-27 15:51:11+00:00,2024-08-27 15:51:11+00:00,0.6704076388888889,0.09931712962962963
npm,GHSA-fmj9-77q8-g6c4,@apollo/query-planner,GHSA-fmj9-77q8-g6c4,HIGH,2024-08-27 18:14:12+00:00,2024-08-27 18:14:12+00:00,ok,1,2.8.5,2024-08-26 23:45:47.435000+00:00,2024-08-26 23:45:47.435000+00:00,False,apollographql/federation,0.7697287615740741,0.7697287615740741,0.7697287615740741,2024,critical/high,True,2024-08-27 15:51:11+00:00,2024-08-27 15:51:11+00:00,0.6704116319444444,0.09931712962962963
npm,GHSA-fp4x-ggrf-wmc6,h3,GHSA-fp4x-ggrf-wmc6,MODERATE,2026-03-23 21:48:24+00:00,2026-03-23 21:48:24+00:00,ok,1,2.0.1-rc.18,2026-03-21 00:13:20.771000+00:00,2026-03-21 00:13:20.771000+00:00,False,h3js/h3,2.8993429282407406,2.8993429282407406,2.8993429282407406,2026,moderate/low,True,2026-03-21 00:13:45+00:00,2026-03-21 00:13:45+00:00,0.00028042824074074076,2.8990625
npm,GHSA-fxqj-rqcc-2cmp,postcss,GHSA-fxqj-rqcc-2cmp,MODERATE,2026-08-03 17:11:39+00:00,2026-08-03 17:11:39+00:00,ok,1,8.5.23,2026-07-24 17:05:13.876000+00:00,2026-07-24 17:05:13.876000+00:00,False,postcss/postcss,10.004457453703703,10.004457453703703,10.004457453703703,2026,moderate/low,True,2026-07-24 17:06:11+00:00,2026-07-24 17:06:11+00:00,0.0006611574074074074,10.003796296296295
npm,GHSA-gcq2-9pq2-cxqm,http-proxy-middleware,GHSA-gcq2-9pq2-cxqm,HIGH,2026-06-18 13:06:21+00:00,2026-06-18 13:06:21+00:00,ok,2,4.1.1,2026-06-14 20:56:11.022000+00:00,2026-06-14 20:55:44.823000+00:00,False,chimurai/http-proxy-middleware,3.673726597222222,3.6740298263888893,3.673726597222222,2026,critical/high,True,2026-06-17 17:17:39+00:00,2026-06-17 17:17:39+00:00,2.848240486111111,0.8254861111111111
npm,GHSA-hp36-v28f-w3r4,flat-to-nested,GHSA-hp36-v28f-w3r4,HIGH,2026-06-19 20:47:52+00:00,2026-06-19 20:47:52+00:00,ok,1,1.1.2,2026-06-10 11:11:35.914000+00:00,2026-06-10 11:11:35.914000+00:00,False,joaonuno/flat-to-nested-js,9.400186180555556,9.400186180555556,9.400186180555556,2026,critical/high,True,2026-06-16 22:51:04+00:00,2026-06-16 22:51:04+00:00,6.485741736111112,2.9144444444444444
npm,GHSA-hqf9-8xv5-x8xw,@openzeppelin/confidential-contracts,GHSA-hqf9-8xv5-x8xw,MODERATE,2026-01-05 19:57:46+00:00,2026-01-05 19:57:46+00:00,ok,1,0.3.1,2026-01-07 14:04:36.881000+00:00,2026-01-07 14:04:36.881000+00:00,False,openzeppelin/openzeppelin-confidential-contracts,-1.7547555671296295,-1.7547555671296295,-1.7547555671296295,2026,moderate/low,True,2026-01-05 14:26:21+00:00,2026-01-05 14:26:21+00:00,-1.9849060300925925,0.23015046296296296
npm,GHSA-m8jr-fxqx-8xx6,@apollo/composition,GHSA-m8jr-fxqx-8xx6,HIGH,2025-11-14 21:49:26+00:00,2025-11-14 21:49:26+00:00,ok,4,2.12.1,2025-11-13 15:42:15.943000+00:00,2025-11-13 15:27:31.898000+00:00,False,apollographql/federation,1.254977511574074,1.2652095138888888,1.254977511574074,2025,critical/high,True,2025-11-13 22:48:08+00:00,2025-11-13 22:48:08+00:00,0.295741400462963,0.9592361111111111
npm,GHSA-mgcp-mfp8-3q45,i18next-locize-backend,GHSA-mgcp-mfp8-3q45,MODERATE,2026-04-22 20:28:27+00:00,2026-04-22 20:28:27+00:00,ok,1,9.0.2,2026-04-18 20:01:15.858000+00:00,2026-04-18 20:01:15.858000+00:00,False,locize/i18next-locize-backend,4.0188789583333335,4.0188789583333335,4.0188789583333335,2026,moderate/low,True,2026-04-18 20:02:26+00:00,2026-04-18 20:02:26+00:00,0.0008118287037037036,4.01806712962963
npm,GHSA-mmj4-777p-fpq9,frourio-express,GHSA-mmj4-777p-fpq9,HIGH,2022-02-07 22:38:37+00:00,2022-02-07 22:38:37+00:00,ok,1,0.26.0,2022-02-07 06:18:29.994000+00:00,2022-02-07 06:18:29.994000+00:00,False,frouriojs/frourio-express,0.6806366435185185,0.6806366435185185,0.6806366435185185,2022,critical/high,True,2022-02-07 06:59:15+00:00,2022-02-07 06:59:15+00:00,0.028298680555555553,0.652337962962963
npm,GHSA-mp2g-9vg9-f4cg,h3,GHSA-mp2g-9vg9-f4cg,HIGH,2026-01-15 20:10:51+00:00,2026-01-15 20:10:51+00:00,ok,1,1.15.5,2026-01-15 11:34:10.054000+00:00,2026-01-15 11:34:10.054000+00:00,False,h3js/h3,0.35880724537037034,0.35880724537037034,0.35880724537037034,2026,critical/high,True,2026-01-15 11:18:57+00:00,2026-01-15 11:18:57+00:00,-0.01056775462962963,0.369375
npm,GHSA-mx7m-j9xf-62hw,@apollo/composition,GHSA-mx7m-j9xf-62hw,HIGH,2025-11-13 23:15:49+00:00,2025-11-14 17:46:55+00:00,ok,4,2.12.1,2025-11-13 15:42:15.943000+00:00,2025-11-13 15:27:31.898000+00:00,False,apollographql/federation,0.3149659375,0.3251979398148148,1.0865631597222223,2025,critical/high,True,2025-11-13 22:48:14+00:00,2025-11-13 22:48:14+00:00,0.2958108449074074,0.01915509259259259
npm,GHSA-p2q6-pwh5-m6jr,@apollo/gateway,GHSA-p2q6-pwh5-m6jr,HIGH,2025-04-07 19:03:16+00:00,2025-04-07 19:03:16+00:00,ok,1,2.10.1,2025-04-07 14:00:48.873000+00:00,2025-04-07 14:00:48.873000+00:00,False,apollographql/federation,0.21003619212962962,0.21003619212962962,0.21003619212962962,2025,critical/high,True,2025-04-07 14:21:40+00:00,2025-04-07 14:21:40+00:00,0.014480636574074073,0.19555555555555557
npm,GHSA-p36q-q72m-gchr,srvx,GHSA-p36q-q72m-gchr,MODERATE,2026-03-26 16:52:08+00:00,2026-03-26 16:52:08+00:00,ok,1,0.11.13,2026-03-23 20:01:44.254000+00:00,2026-03-23 20:01:44.254000+00:00,False,h3js/h3,2.8683303935185185,2.8683303935185185,2.8683303935185185,2026,moderate/low,True,2026-03-23 20:02:25+00:00,2026-03-23 20:02:25+00:00,0.00047159722222222226,2.8678587962962965
npm,GHSA-p3h2-2j4p-p83g,@samanhappy/mcphub,GHSA-p3h2-2j4p-p83g,HIGH,2026-04-22 20:50:19+00:00,2026-04-22 20:50:19+00:00,ok,1,0.12.13,2026-04-22 15:41:59.231000+00:00,2026-04-22 15:41:59.231000+00:00,False,samanhappy/mcphub,0.21411769675925926,0.21411769675925926,0.21411769675925926,2026,critical/high,True,2026-04-19 08:40:23+00:00,2026-04-19 08:40:23+00:00,-3.2927804513888894,3.506898148148148
npm,GHSA-p4qw-7j9g-5h53,@apeleghq/asn1-der,GHSA-p4qw-7j9g-5h53,MODERATE,2025-04-07 21:11:19+00:00,2025-04-07 21:11:19+00:00,ok,1,1.0.4,2025-04-06 17:50:52.619000+00:00,2025-04-06 17:50:52.619000+00:00,False,apeleghq/ts-asn1-der,1.139194224537037,1.139194224537037,1.139194224537037,2025,moderate/low,True,2025-04-06 21:37:27+00:00,2025-04-06 21:37:27+00:00,0.15734237268518517,0.9818518518518519
npm,GHSA-p8pf-44ff-93gf,@workos-inc/authkit-nextjs,GHSA-p8pf-44ff-93gf,HIGH,2025-11-20 21:29:16+00:00,2025-11-20 21:29:16+00:00,ok,1,2.11.1,2025-11-20 19:17:43.183000+00:00,2025-11-20 19:17:43.183000+00:00,False,workos/authkit-nextjs,0.09135204861111111,0.09135204861111111,0.09135204861111111,2025,critical/high,True,2025-11-20 19:18:14+00:00,2025-11-20 19:18:14+00:00,0.00035667824074074074,0.09099537037037037
npm,GHSA-pfjj-6f4p-rvmh,@apollo/federation-internals,GHSA-pfjj-6f4p-rvmh,CRITICAL,2026-03-13 20:51:10+00:00,2026-03-13 20:51:10+00:00,ok,5,2.13.2,2026-03-13 03:23:43.742000+00:00,2026-03-13 03:23:43.742000+00:00,False,apollographql/federation,0.7273872453703704,0.7273872453703704,0.7273872453703704,2026,critical/high,True,2026-03-13 03:51:39+00:00,2026-03-13 03:51:39+00:00,0.019389560185185187,0.7079976851851851
npm,GHSA-pfjj-6f4p-rvmh,@apollo/gateway,GHSA-pfjj-6f4p-rvmh,CRITICAL,2026-03-13 20:51:10+00:00,2026-03-13 20:51:10+00:00,ok,5,2.13.2,2026-03-13 03:23:44.167000+00:00,2026-03-13 03:23:44.167000+00:00,False,apollographql/federation,0.7273823263888889,0.7273823263888889,0.7273823263888889,2026,critical/high,True,2026-03-13 03:51:39+00:00,2026-03-13 03:51:39+00:00,0.019384641203703704,0.7079976851851851
npm,GHSA-pfjj-6f4p-rvmh,@apollo/query-planner,GHSA-pfjj-6f4p-rvmh,CRITICAL,2026-03-13 20:51:10+00:00,2026-03-13 20:51:10+00:00,ok,5,2.13.2,2026-03-13 03:23:43.486000+00:00,2026-03-13 03:23:43.486000+00:00,False,apollographql/federation,0.7273902083333333,0.7273902083333333,0.7273902083333333,2026,critical/high,True,2026-03-13 03:51:39+00:00,2026-03-13 03:51:39+00:00,0.01939252314814815,0.7079976851851851
npm,GHSA-pwfr-8pq7-x9qv,@octokit/app,GHSA-pwfr-8pq7-x9qv,HIGH,2023-12-15 22:15:07+00:00,2023-12-16 00:52:19+00:00,ok,1,14.0.2,2023-11-15 15:44:24.237000+00:00,2023-11-15 15:44:24.237000+00:00,False,octokit/webhooks.js,30.27132827546296,30.27132827546296,30.380494942129626,2023,critical/high,True,2023-12-15 21:17:54+00:00,2023-12-15 21:17:54+00:00,30.231594479166663,0.039733796296296295
npm,GHSA-pwfr-8pq7-x9qv,@octokit/webhooks,GHSA-pwfr-8pq7-x9qv,HIGH,2023-12-15 22:15:07+00:00,2023-12-16 00:52:19+00:00,ok,4,12.0.3,2023-07-07 22:12:58.312000+00:00,2023-07-07 22:12:58.312000+00:00,False,octokit/webhooks.js,161.00148944444445,161.00148944444445,161.1106561111111,2023,critical/high,True,2023-12-15 21:17:54+00:00,2023-12-15 21:17:54+00:00,160.96175564814814,0.039733796296296295
npm,GHSA-pwfr-8pq7-x9qv,octokit,GHSA-pwfr-8pq7-x9qv,HIGH,2023-12-15 22:15:07+00:00,2023-12-16 00:52:19+00:00,ok,1,3.1.2,2023-11-15 16:40:21.851000+00:00,2023-11-15 16:40:21.851000+00:00,False,octokit/webhooks.js,30.232467002314817,30.232467002314817,30.341633668981483,2023,critical/high,True,2023-12-15 21:17:54+00:00,2023-12-15 21:17:54+00:00,30.19273320601852,0.039733796296296295
npm,GHSA-pwfr-8pq7-x9qv,probot,GHSA-pwfr-8pq7-x9qv,HIGH,2023-12-15 22:15:07+00:00,2023-12-16 00:52:19+00:00,ok,1,12.3.3,2023-11-15 18:34:43.291000+00:00,2023-11-15 18:34:43.291000+00:00,False,octokit/webhooks.js,30.1530521875,30.1530521875,30.262218854166665,2023,critical/high,True,2023-12-15 21:17:54+00:00,2023-12-15 21:17:54+00:00,30.113318391203702,0.039733796296296295
npm,GHSA-q2f9-x4p4-7xmh,@apollo/gateway,GHSA-q2f9-x4p4-7xmh,HIGH,2025-04-07 19:03:10+00:00,2025-04-07 19:03:10+00:00,ok,1,2.10.1,2025-04-07 14:00:48.873000+00:00,2025-04-07 14:00:48.873000+00:00,False,apollographql/federation,0.2099667476851852,0.2099667476851852,0.2099667476851852,2025,critical/high,True,2025-04-07 14:22:08+00:00,2025-04-07 14:22:08+00:00,0.014804710648148148,0.19516203703703705
npm,GHSA-q5pr-72pq-83v3,h3,GHSA-q5pr-72pq-83v3,MODERATE,2026-03-23 21:44:55+00:00,2026-03-23 21:44:55+00:00,ok,1,2.0.1-rc.18,2026-03-21 00:13:20.771000+00:00,2026-03-21 00:13:20.771000+00:00,False,h3js/h3,2.896923946759259,2.896923946759259,2.896923946759259,2026,moderate/low,True,2026-03-21 00:13:39+00:00,2026-03-21 00:13:39+00:00,0.0002109837962962963,2.896712962962963
npm,GHSA-qx2v-qp2m-jg93,postcss,GHSA-qx2v-qp2m-jg93,MODERATE,2026-04-24 03:16:11+00:00,2026-04-24 15:31:42+00:00,ok,1,8.5.10,2026-04-15 14:42:53.378000+00:00,2026-04-15 14:42:53.378000+00:00,False,postcss/postcss,8.523120624999999,8.523120624999999,9.033896087962964,2026,moderate/low,True,2026-04-20 19:34:55+00:00,2026-04-20 19:34:55+00:00,5.2027965509259255,3.3203240740740743
npm,GHSA-r28c-9q8g-f849,postcss,GHSA-r28c-9q8g-f849,HIGH,2026-07-24 16:24:55+00:00,2026-07-24 16:24:55+00:00,ok,1,8.5.18,2026-07-12 20:38:40.936000+00:00,2026-07-12 20:38:40.936000+00:00,False,postcss/postcss,11.823773888888889,11.823773888888889,11.823773888888889,2026,critical/high,True,2026-07-20 22:11:48+00:00,2026-07-20 22:11:48+00:00,8.064665092592593,3.7591087962962964
npm,GHSA-v6c2-xwv6-8xf7,music-metadata,GHSA-v6c2-xwv6-8xf7,HIGH,2026-03-17 20:04:48+00:00,2026-03-17 20:04:48+00:00,ok,1,11.12.3,2026-03-12 18:36:15.839000+00:00,2026-03-12 18:36:15.839000+00:00,False,borewit/music-metadata,5.0614833449074075,5.0614833449074075,5.0614833449074075,2026,critical/high,True,2026-03-17 19:28:49+00:00,2026-03-17 19:28:49+00:00,5.036494918981481,0.024988425925925924
npm,GHSA-v9ww-2j6r-98q6,@fastify/middie,GHSA-v9ww-2j6r-98q6,HIGH,2026-04-16 15:17:34+00:00,2026-04-16 22:28:54+00:00,ok,1,9.3.2,2026-04-16 03:42:23.530000+00:00,2026-04-16 03:42:23.530000+00:00,False,fastify/middie,0.48276006944444444,0.48276006944444444,0.7822971064814815,2026,critical/high,True,2026-04-16 03:38:43+00:00,2026-04-16 03:38:43+00:00,-0.0025524305555555556,0.4853125
npm,GHSA-w5hq-g745-h8pq,uuid,GHSA-w5hq-g745-h8pq,MODERATE,2026-04-22 20:53:24+00:00,2026-04-22 20:53:24+00:00,ok,3,13.0.1,2026-04-29 12:44:23.872000+00:00,2026-04-29 12:44:23.872000+00:00,False,uuidjs/uuid,-6.660415185185185,-6.660415185185185,-6.660415185185185,2026,moderate/low,True,2026-04-19 15:20:09+00:00,2026-04-19 15:20:09+00:00,-9.891838796296296,3.231423611111111
npm,GHSA-w5rq-g9r6-vrcg,@dapperduckling/keycloak-connector-server,GHSA-w5rq-g9r6-vrcg,MODERATE,2024-11-26 00:15:07+00:00,2024-11-26 16:51:05+00:00,ok,1,2.5.5,2024-11-25 21:33:34.023000+00:00,2024-11-25 21:33:34.023000+00:00,False,dapperduckling/keycloak-connector,0.1121872337962963,0.1121872337962963,0.8038307523148148,2024,moderate/low,True,2024-11-25 23:10:52+00:00,2024-11-25 23:10:52+00:00,0.06756917824074074,0.04461805555555556
npm,GHSA-w93q-cq9w-58p7,suneditor,GHSA-w93q-cq9w-58p7,HIGH,2026-08-26 15:26:24+00:00,2026-08-26 15:26:24+00:00,ok,1,3.1.4,2026-06-01 16:35:07.349000+00:00,2026-06-01 16:35:07.349000+00:00,False,jihong88/suneditor,85.95227605324074,85.95227605324074,85.95227605324074,2026,critical/high,True,2026-06-20 13:59:39+00:00,2026-06-20 13:59:39+00:00,18.892032997685185,67.06024305555556
npm,GHSA-wf8q-wvv8-p8jf,@samanhappy/mcphub,GHSA-wf8q-wvv8-p8jf,CRITICAL,2026-05-14 20:44:22+00:00,2026-05-14 20:44:22+00:00,ok,1,0.12.15,2026-05-02 03:25:42.784000+00:00,2026-05-02 03:25:42.784000+00:00,False,samanhappy/mcphub,12.721287222222223,12.721287222222223,12.721287222222223,2026,critical/high,True,2026-05-09 09:03:17+00:00,2026-05-09 09:03:17+00:00,7.234423796296296,5.486863425925926
npm,GHSA-wr4h-v87w-p3r7,h3,GHSA-wr4h-v87w-p3r7,MODERATE,2026-03-18 16:18:32+00:00,2026-03-18 16:18:32+00:00,ok,2,2.0.1-rc.15,2026-03-08 22:51:41.683000+00:00,2026-03-08 22:47:41.521000+00:00,False,h3js/h3,9.726971261574075,9.729750914351852,9.726971261574075,2026,moderate/low,True,2026-03-17 11:53:54+00:00,2026-03-17 11:53:54+00:00,8.543198113425927,1.1837731481481482
npm,GHSA-x369-mcw8-8rvj,darkreader,GHSA-x369-mcw8-8rvj,LOW,2026-03-04 18:18:23+00:00,2026-03-04 18:18:23+00:00,ok,1,4.9.117,2025-12-04 05:11:30.956000+00:00,2025-12-04 05:11:30.956000+00:00,False,darkreader/darkreader,90.54643569444444,90.54643569444444,90.54643569444444,2026,moderate/low,True,2026-03-03 23:57:43+00:00,2026-03-03 23:57:43+00:00,89.78208384259258,0.7643518518518518
